indice,estrellas,comentario,pos_tags,noun_phrases,entities,entity_density
1881,,super fun felt safe fun get resort hours statues beautiful,"['VERB', 'VERB', 'NOUN', 'PROPN', 'NOUN', 'ADJ', 'VERB', 'ADV', 'ADJ', 'NOUN']","['felt', 'fun']","[{'text': 'super fun felt', 'label': 'MISC'}, {'text': 'get resort', 'label': 'PER'}]",0.2
1904,,tons food options vendors unique unique great place hang love place,"['NOUN', 'ADJ', 'NOUN', 'ADV', 'ADJ', 'ADJ', 'ADJ', 'NOUN', 'ADJ', 'ADV', 'NOUN']",['tons food'],[],0.0
2453,,super fun felt safe fun get resort hours statues beautiful,"['VERB', 'VERB', 'NOUN', 'PROPN', 'NOUN', 'ADJ', 'VERB', 'ADV', 'ADJ', 'NOUN']","['felt', 'fun']","[{'text': 'super fun felt', 'label': 'MISC'}, {'text': 'get resort', 'label': 'PER'}]",0.2
2476,,tons food options vendors unique unique great place hang love place,"['NOUN', 'ADJ', 'NOUN', 'ADV', 'ADJ', 'ADJ', 'ADJ', 'NOUN', 'ADJ', 'ADV', 'NOUN']",['tons food'],[],0.0
3258,,point group could choir true,"['NOUN', 'ADV', 'ADJ', 'NOUN', 'ADJ']","['point', 'could choir true']","[{'text': 'group could', 'label': 'PER'}]",0.2
5191,,experience excellent unforgettable professional much fun recommend trying,"['NOUN', 'ADJ', 'ADJ', 'ADJ', 'ADJ', 'AUX', 'VERB', 'PROPN']","['experience excellent unforgettable professional much fun', 'trying']",[],0.0
5385,,richie amazing super fun made sure got line enjoyed come visit beautiful tour energy,"['NOUN', 'ADJ', 'VERB', 'VERB', 'NOUN', 'ADJ', 'VERB', 'NOUN', 'ADJ', 'NOUN', 'ADV', 'VERB', 'ADV', 'ADJ']","['richie amazing', 'fun made sure', 'line enjoyed come']","[{'text': 'amazing super', 'label': 'MISC'}]",0.07142857142857142
5729,,experience excellent unforgettable professional much fun recommend trying,"['NOUN', 'ADJ', 'ADJ', 'ADJ', 'ADJ', 'AUX', 'VERB', 'PROPN']","['experience excellent unforgettable professional much fun', 'trying']",[],0.0
5827,,excellent experience guides zip lines best friendly transport driver turned,"['ADJ', 'NOUN', 'X', 'NOUN', 'ADJ', 'ADV', 'ADJ', 'NOUN', 'VERB', 'NOUN']","['excellent experience guides', 'zip lines', 'transport']","[{'text': 'zip lines best', 'label': 'MISC'}]",0.1
5853,,excellent service attitude guides beautiful place make feel confident recommended,"['ADJ', 'NOUN', 'ADJ', 'ADJ', 'NOUN', 'NOUN', 'ADJ', 'NOUN', 'ADV', 'VERB']","['excellent service attitude', 'beautiful place make']",[],0.0
5873,,unforgettable experience service hope return soon richie drake pollo temo excellent guides,"['ADJ', 'NOUN', 'NOUN', 'ADJ', 'NOUN', 'ADJ', 'NOUN', 'X', 'PROPN', 'VERB', 'ADJ', 'DET']","['unforgettable experience', 'service hope']","[{'text': 'drake pollo', 'label': 'PER'}]",0.08333333333333333
5883,,excellent experience guides never experience unique best birthday,"['ADJ', 'NOUN', 'VERB', 'ADV', 'NOUN', 'ADJ', 'AUX', 'DET']",['excellent experience'],[],0.0
5968,,richie amazing super fun made sure got line enjoyed come visit beautiful tour energy,"['NOUN', 'ADJ', 'VERB', 'VERB', 'NOUN', 'ADJ', 'VERB', 'NOUN', 'ADJ', 'NOUN', 'ADV', 'VERB', 'ADV', 'ADJ']","['richie amazing', 'fun made sure', 'line enjoyed come']","[{'text': 'amazing super', 'label': 'MISC'}]",0.07142857142857142
6163,,excellent experience guides zip lines best friendly transport driver turned,"['ADJ', 'NOUN', 'X', 'NOUN', 'ADJ', 'ADV', 'ADJ', 'NOUN', 'VERB', 'NOUN']","['excellent experience guides', 'zip lines', 'transport']","[{'text': 'zip lines best', 'label': 'MISC'}]",0.1
6189,,excellent service attitude guides beautiful place make feel confident recommended,"['ADJ', 'NOUN', 'ADJ', 'ADJ', 'NOUN', 'NOUN', 'ADJ', 'NOUN', 'ADV', 'VERB']","['excellent service attitude', 'beautiful place make']",[],0.0
6209,,unforgettable experience service hope return soon richie drake pollo temo excellent guides,"['ADJ', 'NOUN', 'NOUN', 'ADJ', 'NOUN', 'ADJ', 'NOUN', 'X', 'PROPN', 'VERB', 'ADJ', 'DET']","['unforgettable experience', 'service hope']","[{'text': 'drake pollo', 'label': 'PER'}]",0.08333333333333333
6219,,excellent experience guides never experience unique best birthday,"['ADJ', 'NOUN', 'VERB', 'ADV', 'NOUN', 'ADJ', 'AUX', 'DET']",['excellent experience'],[],0.0
7413,,unique beautiful place go mezcal everyone chocolate pairings,"['ADJ', 'NOUN', 'NOUN', 'ADP', 'NOUN', 'VERB', 'ADJ', 'ADJ']","['unique beautiful place', 'go mezcal']",[],0.0
7590,,place beautiful distillery tour excellent see agave taste best,"['NOUN', 'ADJ', 'ADJ', 'NOUN', 'ADJ', 'ADJ', 'ADJ', 'ADJ', 'NOUN']","['place beautiful', 'tour excellent', 'best']",[],0.0
8143,,time visit tequila entertaining taste experience,"['ADJ', 'ADV', 'NOUN', 'ADJ', 'ADJ', 'NOUN']",['taste experience'],[],0.0
8232,,ones sand sculptures human statues see sculpture tours recommended chance next visit,"['ADJ', 'ADJ', 'ADJ', 'VERB', 'ADJ', 'ADJ', 'PRON', 'ADJ', 'VERB', 'NOUN', 'ADJ', 'ADV']",['sculpture tours'],"[{'text': 'ones sand', 'label': 'PER'}]",0.08333333333333333
8258,,super fun felt safe fun get resort hours statues beautiful,"['VERB', 'VERB', 'NOUN', 'PROPN', 'NOUN', 'ADJ', 'VERB', 'ADV', 'ADJ', 'NOUN']","['felt', 'fun']","[{'text': 'super fun felt', 'label': 'MISC'}, {'text': 'get resort', 'label': 'PER'}]",0.2
8281,,tons food options vendors unique unique great place hang love place,"['NOUN', 'ADJ', 'NOUN', 'ADV', 'ADJ', 'ADJ', 'ADJ', 'NOUN', 'ADJ', 'ADV', 'NOUN']",['tons food'],[],0.0
9406,,fun place stop quick drink take pretty quite expensive far food souvenirs,"['ADJ', 'NOUN', 'X', 'ADJ', 'NOUN', 'X', 'NOUN', 'ADV', 'ADJ', 'ADJ', 'ADJ', 'ADJ']",['fun place'],[],0.0
9522,,went times quiet,"['VERB', 'ADJ', 'SCONJ']",[],[],0.0
9675,,place able see,"['NOUN', 'ADJ', 'PROPN']",['place able'],[],0.0
9906,,beautiful place swim dirty restaurants beautiful,"['NOUN', 'NOUN', 'ADJ', 'ADJ', 'NOUN', 'VERB']","['beautiful place swim', 'restaurants beautiful']",[],0.0
12382,,beautiful place palapas get,"['NOUN', 'NOUN', 'ADV', 'ADJ']",['beautiful place'],[],0.0
12821,,little tour guides provide good pups get little playful nip,"['AUX', 'NOUN', 'ADJ', 'ADJ', 'ADJ', 'ADJ', 'ADJ', 'AUX', 'ADJ', 'X']",['little tour guides'],"[{'text': 'little tour guides provide', 'label': 'MISC'}, {'text': 'get little playful', 'label': 'MISC'}]",0.2
12979,,beautiful place chance dolphins even sailing,"['NOUN', 'NOUN', 'NOUN', 'ADV', 'ADP', 'PROPN']","['beautiful place chance', 'sailing']",[],0.0
13047,,scuba diving lions lifetime experience get try,"['ADJ', 'ADJ', 'NOUN', 'ADJ', 'NOUN', 'ADJ', 'ADV']",['diving lions lifetime'],"[{'text': 'scuba diving', 'label': 'PER'}]",0.14285714285714285
13664,,little tour guides provide good pups get little playful nip,"['AUX', 'NOUN', 'ADJ', 'ADJ', 'ADJ', 'ADJ', 'ADJ', 'AUX', 'ADJ', 'X']",['little tour guides'],"[{'text': 'little tour guides provide', 'label': 'MISC'}, {'text': 'get little playful', 'label': 'MISC'}]",0.2
13822,,beautiful place chance dolphins even sailing,"['NOUN', 'NOUN', 'NOUN', 'ADV', 'ADP', 'PROPN']","['beautiful place chance', 'sailing']",[],0.0
13890,,scuba diving lions lifetime experience get try,"['ADJ', 'ADJ', 'NOUN', 'ADJ', 'NOUN', 'ADJ', 'ADV']",['diving lions lifetime'],"[{'text': 'scuba diving', 'label': 'PER'}]",0.14285714285714285
15652,,lots restaurants bars various tourist souvenir shops tour,"['NOUN', 'NOUN', 'ADJ', 'ADJ', 'VERB', 'VERB', 'ADV', 'NOUN']","['lots restaurants bars various', 'shops tour']","[{'text': 'shops', 'label': 'LOC'}]",0.125
15958,,big malecon excellent beautiful lots art beautiful views restaurants bars souvenir stores etc available wife love city said quite enough options fun,"['PRON', 'VERB', 'ADV', 'NOUN', 'VERB', 'DET', 'NOUN', 'ADJ', 'NOUN', 'ADJ', 'VERB', 'ADJ', 'ADJ', 'VERB', 'NOUN', 'ADV', 'VERB', 'ADP', 'PRON', 'ADJ', 'NOUN', 'ADJ']","['big', 'excellent beautiful', 'art beautiful views']","[{'text': 'big malecon', 'label': 'MISC'}, {'text': 'wife love city', 'label': 'ORG'}]",0.09090909090909091
16188,,quiet place nice place great view,"['SCONJ', 'NOUN', 'NOUN', 'ADJ', 'ADJ', 'ADJ']",['quiet place'],[],0.0
16217,,nice quiet beach perfect lunch enjoy sun sun quiet,"['NOUN', 'SCONJ', 'NOUN', 'ADJ', 'ADJ', 'ADJ', 'ADJ', 'ADJ', 'SCONJ']","['nice', 'quiet beach perfect']","[{'text': 'nice', 'label': 'LOC'}, {'text': 'beach', 'label': 'LOC'}, {'text': 'sun', 'label': 'ORG'}, {'text': 'sun', 'label': 'ORG'}]",0.4444444444444444
16302,,must visit beautiful inside go center,"['NOUN', 'VERB', 'ADJ', 'ADJ', 'CCONJ', 'VERB']",['must'],"[{'text': 'must', 'label': 'PER'}]",0.16666666666666666
16401,,one beautiful must see across street place sit go,"['NOUN', 'ADJ', 'NOUN', 'ADJ', 'NOUN', 'ADJ', 'NOUN', 'ADV', 'ADP']","['one beautiful', 'must', 'place']","[{'text': 'one beautiful must see across street', 'label': 'MISC'}]",0.1111111111111111
16606,,quiet beach get great massage blue hour,"['PRON', 'NOUN', 'AUX', 'NOUN', 'ADJ', 'VERB', 'ADP']",['quiet beach get great'],"[{'text': 'quiet beach get great massage blue hour', 'label': 'MISC'}]",0.14285714285714285
18587,,sell expensive place dirty,"['NOUN', 'ADJ', 'NOUN', 'VERB']",['sell expensive'],[],0.0
18902,,lion dolphins encounter lot give one one experience dolphins chance lifetime,"['NOUN', 'ADV', 'VERB', 'NOUN', 'NUM', 'NOUN', 'ADJ', 'NOUN', 'ADV', 'NOUN', 'ADJ']","['lion dolphins', 'lot', 'give one', 'chance lifetime']","[{'text': 'one one', 'label': 'MISC'}]",0.09090909090909091
18989,,unique experience get dolphin ride pet dolphins even bit get put snorkeling pool feet dolphin lot fun group total people even buy pictures get pictures packages,"['ADJ', 'NOUN', 'ADJ', 'NOUN', 'ADJ', 'ADV', 'ADV', 'ADP', 'ADJ', 'ADJ', 'ADV', 'ADJ', 'NOUN', 'ADJ', 'NOUN', 'ADJ', 'VERB', 'ADJ', 'ADJ', 'ADJ', 'ADP', 'ADJ', 'ADJ', 'ADJ', 'ADJ', 'ADJ']","['unique experience get', 'put snorkeling pool feet']","[{'text': 'get dolphin ride', 'label': 'PER'}, {'text': 'pool feet dolphin lot fun group total people', 'label': 'MISC'}]",0.07692307692307693
19012,,unique experience need try least lifetime dolphins friendly,"['ADJ', 'NOUN', 'VERB', 'VERB', 'ADV', 'ADJ', 'ADV', 'ADJ']",['unique experience'],"[{'text': 'try least', 'label': 'PER'}]",0.125
19541,,excellent experience time patient spent time dolphins lions,"['ADJ', 'NOUN', 'ADJ', 'NOUN', 'ADJ', 'ADJ', 'ADV', 'ADJ']","['excellent experience time', 'patient']",[],0.0
19601,,fun trip pictures dolphins expensive make sure bring,"['NOUN', 'ADP', 'ADJ', 'ADV', 'ADJ', 'NOUN', 'VERB', 'ADJ']","['fun trip pictures', 'make']",[],0.0
19723,,excellent park lot fun experience dolphins unforgettable,"['ADJ', 'PRON', 'PROPN', 'VERB', 'NOUN', 'ADV', 'ADJ']","['excellent park lot', 'fun experience']","[{'text': 'park', 'label': 'PER'}]",0.14285714285714285
19735,,excellent experience dolphins lions best animals look happy,"['ADJ', 'NOUN', 'ADV', 'ADJ', 'X', 'VERB', 'ADJ', 'ADJ']",['excellent experience'],[],0.0
19988,,pictures th avenue alive questions help,"['NOUN', 'PRON', 'NOUN', 'ADJ', 'NOUN', 'ADJ']","['pictures', 'th avenue alive', 'questions help']",[],0.0
20606,,avenida better times unique beautiful get place must visit ever staying playa carmen,"['VERB', 'VERB', 'NOUN', 'ADJ', 'VERB', 'ADJ', 'NOUN', 'NOUN', 'VERB', 'VERB', 'PROPN', 'NOUN', 'ADJ']","['times unique', 'get place', 'must', 'playa carmen']","[{'text': 'must', 'label': 'PER'}]",0.07692307692307693
20710,,mixed tourist souvenirs etc nice restaurants friendly,"['ADJ', 'VERB', 'VERB', 'ADJ', 'NOUN', 'ADJ', 'ADJ']",[],"[{'text': 'mixed tourist', 'label': 'PER'}]",0.14285714285714285
20757,,fun area lots restaurants bars night life spots souvenir stores plenty boutiques avoid tourist trap restaurants,"['PRON', 'NOUN', 'ADJ', 'NOUN', 'ADJ', 'ADJ', 'NOUN', 'ADJ', 'VERB', 'ADJ', 'NOUN', 'ADJ', 'ADJ', 'VERB', 'ADV', 'NOUN']","['fun area', 'restaurants bars', 'life', 'stores plenty boutiques', 'trap restaurants']","[{'text': 'bars night life', 'label': 'MISC'}]",0.0625
21829,,unique amazing experience favorite part adventure cenotes tour guide amazing guide helpful travel visit place definitely recommend guide name sure,"['ADJ', 'NOUN', 'NOUN', 'VERB', 'NOUN', 'ADJ', 'VERB', 'NOUN', 'VERB', 'ADJ', 'VERB', 'NOUN', 'ADJ', 'ADV', 'NOUN', 'VERB', 'ADJ', 'ADJ', 'NOUN', 'ADJ']","['unique amazing experience', 'part', 'cenotes tour', 'helpful travel visit place', 'name']","[{'text': 'amazing', 'label': 'LOC'}]",0.05
22445,,bit much get sure else see explore unique natural,"['ADJ', 'ADJ', 'ADJ', 'ADJ', 'VERB', 'ADJ', 'ADV', 'ADJ', 'ADJ']",[],"[{'text': 'bit much get sure', 'label': 'PER'}]",0.1111111111111111
22454,,line bat cave dive unique environment incredible crystal clear water formations caves cool different dives multiple entrances,"['NOUN', 'NOUN', 'ADJ', 'ADJ', 'ADJ', 'VERB', 'NOUN', 'ADJ', 'VERB', 'VERB', 'NOUN', 'ADJ', 'NOUN', 'VERB', 'NOUN', 'ADJ', 'NOUN']","['line bat cave', 'formations caves', 'cool', 'entrances']","[{'text': 'line', 'label': 'PER'}]",0.058823529411764705
22548,,cenote beautiful place unique water clear little bit entrance fee place little enjoy,"['NOUN', 'ADJ', 'NOUN', 'ADJ', 'VERB', 'NOUN', 'PRON', 'PRON', 'NOUN', 'NOUN', 'NOUN', 'ADJ', 'NOUN']","['cenote beautiful', 'clear', 'little', 'fee place']",[],0.0
23584,,far one best experiences guided passionate guide chance explore beautiful cave cavern cenotes lifetime experience absolute must list coming,"['ADJ', 'NOUN', 'NOUN', 'ADJ', 'DET', 'NOUN', 'VERB', 'NOUN', 'ADV', 'NOUN', 'ADJ', 'ADJ', 'VERB', 'ADJ', 'NOUN', 'VERB', 'NOUN', 'ADJ', 'X']","['far one best experiences', 'guided passionate', 'chance', 'lifetime experience', 'must']","[{'text': 'one best experiences', 'label': 'MISC'}]",0.05263157894736842
23602,,place beautiful guide made day care people group fine experience,"['NOUN', 'ADJ', 'VERB', 'ADJ', 'ADJ', 'VERB', 'NOUN', 'ADJ', 'NOUN', 'NOUN']","['place beautiful', 'group fine experience']",[],0.0
24302,,excellent experience attention hope return soon,"['ADJ', 'NOUN', 'NOUN', 'ADJ', 'NOUN', 'ADJ']","['excellent experience', 'attention hope', 'return soon']",[],0.0
24399,,excellent attention kindness part unforgettable experience,"['ADJ', 'NOUN', 'ADJ', 'NOUN', 'ADJ', 'NOUN']","['excellent attention kindness', 'part unforgettable experience']",[],0.0
24575,,unique animation guys like denisse good waiter service,"['ADJ', 'NOUN', 'ADJ', 'ADJ', 'NOUN', 'NOUN', 'VERB', 'NOUN']","['unique animation guys', 'service']","[{'text': 'like denisse good waiter', 'label': 'MISC'}]",0.125
24606,,excellent facilities excellent service jlo recommend come,"['ADJ', 'NOUN', 'ADV', 'NOUN', 'PRON', 'ADJ', 'NOUN']","['excellent facilities', 'excellent service', 'jlo recommend come']",[],0.0
24644,,excellent unique fun adventure thank making something unique fun thank,"['ADJ', 'ADJ', 'ADJ', 'VERB', 'ADJ', 'ADJ', 'ADJ', 'ADJ', 'PRON', 'VERB']",[],[],0.0
24653,,unique experience adults children much fun love see happy grateful always guys,"['ADJ', 'NOUN', 'ADJ', 'ADJ', 'ADJ', 'ADJ', 'ADV', 'ADJ', 'ADJ', 'ADJ', 'NOUN', 'ADJ']",['unique experience adults'],"[{'text': 'children much', 'label': 'PER'}]",0.08333333333333333
30724,,excellent prices excellent friendly professional staff,"['ADJ', 'NOUN', 'ADV', 'NOUN', 'ADJ', 'ADP']",['excellent prices excellent friendly professional'],[],0.0
32616,,resolucion mexico objectif accompagner participants debuter annee connexion harmonie essence environnement retraite met accent retour vers soi mise pratique saines habitudes vie developpement techniques diverses aideront participants decouvrir convivialite joie vivre vie tous jours tout respectant nature profonde reservations autres questions hesitez contacter informations reservations christine malek christine malek rodolfo garcia courriel resolucionmexico com yoga danse mexico oaxaca yogaretreat findyourself spirituality pacificcoast sanagustinhuatulco resolucionmexico oaxacatravel bepresent,"['NOUN', 'ADJ', 'NOUN', 'VERB', 'NOUN', 'VERB', 'VERB', 'NOUN', 'NOUN', 'ADJ', 'ADJ', 'NOUN', 'VERB', 'ADV', 'NOUN', 'ADP', 'DET', 'NOUN', 'ADJ', 'ADJ', 'ADJ', 'NOUN', 'ADJ', 'ADJ', 'ADJ', 'VERB', 'NOUN', 'VERB', 'VERB', 'ADV', 'ADJ', 'NOUN', 'ADJ', 'NOUN', 'ADV', 'VERB', 'NOUN', 'ADJ', 'VERB', 'ADJ', 'NOUN', 'VERB', 'VERB', 'NOUN', 'VERB', 'PROPN', 'PROPN', 'PROPN', 'ADV', 'X', 'X', 'ADJ', 'VERB', 'ADJ', 'NOUN', 'NOUN', 'ADJ', 'NOUN', 'ADJ', 'VERB', 'NOUN', 'ADV', 'ADJ', 'ADJ', 'ADJ', 'VERB']","['resolucion mexico', 'objectif', 'participants', 'essence environnement retraite', 'retour', 'soi mise pratique', 'habitudes vie', 'participants', 'vie', 'tous jours', 'nature profonde', 'autres questions', 'informations', 'christine malek', 'christine', 'danse', 'oaxaca', 'spirituality pacificcoast']","[{'text': 'christine malek rodolfo garcia courriel resolucionmexico com yoga', 'label': 'ORG'}, {'text': 'spirituality pacificcoast sanagustinhuatulco resolucionmexico', 'label': 'PER'}]",0.030303030303030304
32617,,resolucion mexico objectif accompagner participants debuter annee connexion harmonie essence environnement retraite met accent retour vers soi mise pratique saines habitudes vie developpement techniques diverses aideront participants decouvrir convivialite joie vivre vie tous jours tout respectant nature profonde reservations autres questions hesitez contacter informations reservations christine malek rodolfo garcia courriel resolucionmexico com yoga danse mexico oaxaca yogaretreat findyourself spirituality pacificcoast sanagustinhuatulco resolucionmexico oaxacatravel bepresent,"['NOUN', 'ADJ', 'NOUN', 'VERB', 'NOUN', 'VERB', 'VERB', 'NOUN', 'NOUN', 'ADJ', 'ADJ', 'NOUN', 'VERB', 'ADV', 'NOUN', 'ADP', 'DET', 'NOUN', 'ADJ', 'ADJ', 'ADJ', 'NOUN', 'ADJ', 'ADJ', 'ADJ', 'VERB', 'NOUN', 'VERB', 'VERB', 'ADV', 'ADJ', 'NOUN', 'ADJ', 'NOUN', 'ADV', 'VERB', 'NOUN', 'ADJ', 'VERB', 'ADJ', 'NOUN', 'VERB', 'VERB', 'NOUN', 'VERB', 'PROPN', 'X', 'X', 'X', 'ADJ', 'VERB', 'ADJ', 'NOUN', 'NOUN', 'ADJ', 'NOUN', 'ADJ', 'VERB', 'NOUN', 'ADV', 'ADJ', 'ADJ', 'ADJ', 'VERB']","['resolucion mexico', 'objectif', 'participants', 'essence environnement retraite', 'retour', 'soi mise pratique', 'habitudes vie', 'participants', 'vie', 'tous jours', 'nature profonde', 'autres questions', 'informations', 'danse', 'oaxaca', 'spirituality pacificcoast']","[{'text': 'christine malek', 'label': 'PER'}, {'text': 'spirituality pacificcoast sanagustinhuatulco resolucionmexico', 'label': 'PER'}]",0.03125
32863,,journee bien paisible baie tangolunda happy sunday,"['NOUN', 'ADV', 'ADJ', 'NOUN', 'ADV', 'ADJ', 'ADJ']","['journee', 'bien paisible baie tangolunda']","[{'text': 'journee', 'label': 'PER'}]",0.14285714285714285
32990,,poster event beach blue sky tres detaille bfmtv studio cachette made eclairage volumetrique,"['VERB', 'ADV', 'NOUN', 'VERB', 'DET', 'NOUN', 'NOUN', 'ADJ', 'ADJ', 'ADJ', 'ADJ', 'NOUN', 'ADJ']","['beach', 'sky tres detaille bfmtv', 'eclairage volumetrique']",[],0.0
33824,,group people sitting table outside restaurant terrasse restaurant busy restaurant restaurant exterior photography restaurant sao paulo fancy restaurant restaurant sublime comforting ambience restaurant sao paulo restaurant background expensive restaurant comfortable atmosphere sbt coffee shop sublime comforting ambience restaurant,"['ADV', 'ADJ', 'NOUN', 'NOUN', 'ADJ', 'VERB', 'ADJ', 'VERB', 'NOUN', 'VERB', 'VERB', 'ADJ', 'VERB', 'VERB', 'ADJ', 'PROPN', 'ADJ', 'VERB', 'VERB', 'NOUN', 'ADJ', 'NOUN', 'VERB', 'ADJ', 'PROPN', 'VERB', 'NOUN', 'ADJ', 'VERB', 'ADJ', 'NOUN', 'ADP', 'NOUN', 'NOUN', 'ADJ', 'ADJ', 'NOUN', 'VERB']","['sitting table', 'paulo fancy', 'sublime comforting', 'ambience', 'paulo', 'background', 'atmosphere']","[{'text': 'group people', 'label': 'ORG'}, {'text': 'sao paulo', 'label': 'PER'}, {'text': 'sao paulo', 'label': 'PER'}, {'text': 'background', 'label': 'MISC'}]",0.10526315789473684
34330,,poster event beach yoga tres detaille catalogue raisonne canva iso google parti resolution reneissance epaule devant pose,"['VERB', 'ADV', 'NOUN', 'ADJ', 'NOUN', 'NOUN', 'ADJ', 'NOUN', 'VERB', 'ADV', 'NOUN', 'VERB', 'NOUN', 'NOUN', 'VERB', 'ADP', 'NOUN']","['poster event beach', 'tres detaille', 'raisonne canva', 'google', 'resolution', 'reneissance']","[{'text': 'google', 'label': 'ORG'}]",0.058823529411764705
34690,,friend trip friends beautifulplaces sunset lapazmexico beautifulpeople,"['VERB', 'VERB', 'ADJ', 'NOUN', 'NOUN', 'ADJ', 'ADJ']",['friends beautifulplaces sunset'],"[{'text': 'trip friends beautifulplaces', 'label': 'PER'}]",0.14285714285714285
34837,,sexy mode sexycouple sexyboot lapazmx,"['ADJ', 'NOUN', 'ADV', 'VERB', 'NOUN']",['sexy mode'],"[{'text': 'sexy mode sexycouple', 'label': 'PER'}]",0.2
35199,,gratitude infinie sparkles voyage mexique parents gens cur sens bien simplement aimee accueillie epanouie moments font partie plus grands bonheurs vie white heart voyagevoyage voyagefamille family voyagemexique lacruzdehuanacaxtle rivieranayarit nayaritmexico,"['NOUN', 'NOUN', 'ADJ', 'NOUN', 'ADJ', 'NOUN', 'ADJ', 'NOUN', 'NOUN', 'ADV', 'ADV', 'AUX', 'VERB', 'ADJ', 'NOUN', 'VERB', 'NOUN', 'ADV', 'ADJ', 'NOUN', 'NOUN', 'VERB', 'NOUN', 'NOUN', 'ADJ', 'NOUN', 'ADJ', 'PRON', 'VERB', 'ADJ']","['gratitude infinie sparkles', 'parents gens', 'cur sens bien simplement aimee accueillie epanouie moments', 'partie', 'plus grands bonheurs vie', 'heart', 'voyagevoyage', 'voyagefamille family voyagemexique']","[{'text': 'mexique', 'label': 'LOC'}, {'text': 'white heart', 'label': 'MISC'}]",0.06666666666666667
35374,,atardeceres nuevo nayarit simplemente sunsets nuevo nayarit simply wonderful couchers soleil nuevo nayarit tout simplement magnifiques rivieranayarit mexico vallarta nuevonayarit sunset,"['ADJ', 'NOUN', 'VERB', 'ADJ', 'VERB', 'PRON', 'ADJ', 'VERB', 'X', 'ADJ', 'ADJ', 'ADJ', 'VERB', 'ADV', 'ADV', 'ADJ', 'ADJ', 'ADJ', 'VERB', 'VERB', 'NOUN']",['atardeceres nuevo'],"[{'text': 'atardeceres nuevo', 'label': 'PER'}]",0.047619047619047616
35832,,mist cool air sun comes sierra madre mountains san blas nayarit mexico sunrise sanblasnayarit sierramadremountains nayarit tripramblernick,"['VERB', 'ADV', 'ADJ', 'ADJ', 'NOUN', 'NOUN', 'ADJ', 'ADJ', 'ADV', 'ADJ', 'NOUN', 'ADJ', 'ADJ', 'NOUN', 'ADJ', 'ADJ', 'NOUN']","['sierra', 'tripramblernick']","[{'text': 'mist cool air', 'label': 'MISC'}, {'text': 'sun comes', 'label': 'ORG'}, {'text': 'san blas', 'label': 'LOC'}]",0.17647058823529413
35997,,sparkles woman in lotus position journee massage woman in lotus position sparkles aujourd hui chance faire gater centre massotherapie yoga san pancho recu massage profondement relaxant corps aussi intensement spirituel woman in lotus position etait soin unique combinant massage tactile parfums enveloppants citronnelle lemon eau rose rose ainsi purification traditionnelle realisee aide sauge mexicaine salvia mexicana seedling plante locale reconnue proprietes energetiques massage ete apaisant ressourcant incroyablement regenerant corps autant esprit immense merci gabriela toute equipe centre san pancho folded hands recommandons cet endroit tous ceux souhaitent vivre moment detente profonde san pancho elestar sanpanchoanimales sanpanchonayarit desert island sun with face heart suit sanpancho spamobileduquebec,"['ADJ', 'VERB', 'ADJ', 'NOUN', 'NOUN', 'ADJ', 'ADJ', 'VERB', 'X', 'NOUN', 'NOUN', 'ADJ', 'ADJ', 'ADV', 'NOUN', 'AUX', 'VERB', 'NOUN', 'ADJ', 'ADJ', 'NOUN', 'NOUN', 'AUX', 'ADJ', 'ADV', 'VERB', 'VERB', 'ADV', 'VERB', 'ADJ', 'NOUN', 'ADJ', 'PROPN', 'NOUN', 'VERB', 'NOUN', 'ADJ', 'VERB', 'ADJ', 'ADJ', 'DET', 'NOUN', 'VERB', 'NOUN', 'NOUN', 'ADJ', 'ADJ', 'ADV', 'NOUN', 'ADJ', 'NOUN', 'NOUN', 'ADJ', 'ADJ', 'X', 'PROPN', 'X', 'NOUN', 'ADJ', 'VERB', 'ADJ', 'NOUN', 'ADJ', 'ADV', 'VERB', 'VERB', 'VERB', 'VERB', 'NOUN', 'ADV', 'VERB', 'NOUN', 'NOUN', 'ADV', 'DET', 'VERB', 'NOUN', 'ADJ', 'NOUN', 'ADJ', 'ADJ', 'NOUN', 'DET', 'NOUN', 'ADJ', 'PRON', 'VERB', 'VERB', 'NOUN', 'ADJ', 'VERB', 'ADV', 'NOUN', 'ADJ', 'ADJ', 'VERB', 'NOUN', 'ADJ', 'ADJ', 'VERB', 'NOUN', 'NOUN', 'VERB', 'VERB', 'ADJ']","['lotus', 'position journee', 'lotus', 'position sparkles', 'chance', 'centre massotherapie', 'san pancho recu massage', 'lotus', 'soin', 'enveloppants', 'lemon eau rose rose ainsi purification traditionnelle realisee aide', 'corps', 'immense', 'tous ceux', 'moment detente', 'pancho elestar', 'face heart suit']","[{'text': 'sparkles woman in', 'label': 'MISC'}, {'text': 'journee massage', 'label': 'PER'}, {'text': 'san pancho', 'label': 'LOC'}, {'text': 'woman in', 'label': 'MISC'}, {'text': 'mexicana', 'label': 'LOC'}, {'text': 'massage ete', 'label': 'PER'}, {'text': 'sun with', 'label': 'MISC'}, {'text': 'sanpancho spamobileduquebec', 'label': 'PER'}]",0.0761904761904762
36298,,observer tortues akumal privilege turtle elles vivent ici naturellement habitat meritent respecte chez pixan riviera chaque excursion encadree preserver bien etre equilibre cet ecosysteme unique water wave herb akumal mexique excursionfrancophoen tortues pixanriviera,"['VERB', 'ADJ', 'ADJ', 'NOUN', 'VERB', 'PRON', 'VERB', 'ADV', 'ADV', 'NOUN', 'ADV', 'ADJ', 'ADP', 'NOUN', 'VERB', 'DET', 'NOUN', 'X', 'VERB', 'ADV', 'NOUN', 'ADJ', 'DET', 'VERB', 'ADJ', 'VERB', 'AUX', 'NOUN', 'ADJ', 'ADJ', 'ADJ', 'ADJ', 'VERB']","['akumal privilege turtle', 'elles', 'pixan', 'chaque excursion encadree', 'etre equilibre', 'herb']","[{'text': 'privilege', 'label': 'MISC'}, {'text': 'wave herb', 'label': 'PER'}, {'text': 'mexique excursionfrancophoen', 'label': 'PER'}]",0.09090909090909091
36419,,avantages travailler nature nombreux chaque journee unique part rencontres inoubliables faisons autre part surprises mere nature reserve hier chance observer magnifique crocodile plein bain soleil ensuite offert double spectacle nageant sous yeux handshake excursions camera with flash benoit famille crocodile mangroves manglar water turquoise agua eauturquoise eau bocapaila siankaan tulum cocodrilo caraibes mexico turismo tourism vacation sun beach tour tourguide yucatan,"['NOUN', 'VERB', 'NOUN', 'ADJ', 'DET', 'NOUN', 'ADJ', 'NOUN', 'ADJ', 'ADJ', 'NOUN', 'ADJ', 'NOUN', 'ADJ', 'NOUN', 'VERB', 'ADJ', 'ADV', 'NOUN', 'VERB', 'ADJ', 'NOUN', 'ADJ', 'ADJ', 'NOUN', 'ADV', 'VERB', 'ADJ', 'NOUN', 'VERB', 'ADP', 'NUM', 'ADJ', 'PRON', 'VERB', 'ADJ', 'VERB', 'DET', 'NOUN', 'ADJ', 'NOUN', 'VERB', 'VERB', 'NOUN', 'VERB', 'VERB', 'NOUN', 'PROPN', 'PROPN', 'ADV', 'ADV', 'ADJ', 'ADP', 'NOUN', 'ADJ', 'ADJ', 'ADJ', 'NOUN', 'NOUN', 'ADJ', 'ADJ']","['avantages', 'chaque journee unique', 'part rencontres', 'autre part', 'surprises mere', 'chance', 'crocodile plein', 'soleil', 'spectacle', 'handshake excursions', 'benoit famille', 'mangroves', 'eau bocapaila siankaan', 'tulum cocodrilo caraibes mexico turismo']","[{'text': 'with flash benoit', 'label': 'PER'}, {'text': 'sun beach', 'label': 'MISC'}]",0.03278688524590164
36423,,plage boca paila reserve sian plage vierge situee bord delta boca paila trouve mer lagunes cotieres cette plage incroyable change temps transforme fil saisons fait penser constant changement transformation malgre certains moments vie submerge devons avoir confiance tout comme boca paila allons devenir sublimes collaboration excursions siankaan bocapaila tulum tourism lancha water eau agua beach playa plage mexico sun tour tourguide reserva biosphere yucatan boat bateau river,"['NOUN', 'ADJ', 'NOUN', 'VERB', 'ADJ', 'ADV', 'NOUN', 'VERB', 'ADV', 'VERB', 'ADJ', 'NOUN', 'VERB', 'VERB', 'NOUN', 'ADJ', 'DET', 'NOUN', 'ADJ', 'NOUN', 'ADJ', 'ADJ', 'ADJ', 'PROPN', 'AUX', 'VERB', 'VERB', 'NOUN', 'NOUN', 'NOUN', 'DET', 'NOUN', 'NOUN', 'ADJ', 'VERB', 'VERB', 'NOUN', 'ADV', 'ADP', 'NOUN', 'NOUN', 'VERB', 'VERB', 'NOUN', 'NOUN', 'NOUN', 'ADJ', 'PROPN', 'ADV', 'NOUN', 'VERB', 'VERB', 'NOUN', 'NOUN', 'NOUN', 'ADJ', 'ADV', 'ADJ', 'ADP', 'NOUN', 'VERB', 'VERB', 'NOUN', 'ADJ', 'ADJ', 'NOUN', 'VERB']","['paila', 'paila', 'lagunes cotieres', 'cette plage incroyable', 'change temps', 'malgre', 'certains moments vie', 'confiance', 'tout comme boca', 'paila', 'sublimes', 'excursions', 'tourism', 'eau', 'agua', 'beach', 'tour', 'biosphere yucatan', 'bateau']","[{'text': 'sian plage vierge situee bord delta boca', 'label': 'PER'}, {'text': 'siankaan bocapaila', 'label': 'PER'}, {'text': 'sun', 'label': 'ORG'}, {'text': 'yucatan boat', 'label': 'PER'}]",0.05970149253731343
36628,,avoir droit sentir bien prix respirer air chaud ecouter vagues prendre temps amuser merci vie permettre petit echappatoire vie adulte palm tree playadelcarmenmexico repos selflove,"['VERB', 'NOUN', 'VERB', 'ADV', 'NOUN', 'VERB', 'NOUN', 'PROPN', 'VERB', 'ADJ', 'VERB', 'NOUN', 'VERB', 'NOUN', 'NOUN', 'VERB', 'ADJ', 'ADJ', 'NOUN', 'NOUN', 'ADJ', 'ADJ', 'ADJ', 'NOUN', 'VERB']","['avoir droit', 'bien prix', 'air chaud', 'temps', 'merci', 'vie', 'petit echappatoire vie', 'adulte palm']","[{'text': 'palm tree', 'label': 'ORG'}]",0.04
36678,,matin chant oiseaux accompagne reveil terrasse explorer ville entree hotel mignonne beaux cactus divan decouverte grande statue parque fundadores pdc symbolise renaissance unite homme femme connection terre mer ciel playadelcarmenmexico vautourdumonde,"['NOUN', 'ADJ', 'NOUN', 'ADJ', 'ADV', 'ADJ', 'VERB', 'NOUN', 'PROPN', 'ADJ', 'VERB', 'ADJ', 'NOUN', 'X', 'VERB', 'ADJ', 'ADJ', 'ADJ', 'ADJ', 'X', 'VERB', 'NOUN', 'NOUN', 'NOUN', 'NOUN', 'VERB', 'NOUN', 'VERB', 'NOUN', 'ADJ', 'VERB']","['matin chant oiseaux accompagne reveil', 'ville', 'beaux cactus', 'homme', 'femme connection', 'ciel playadelcarmenmexico']","[{'text': 'divan', 'label': 'PER'}]",0.03225806451612903
36684,,ceremonies freres surs chamans portails sacres espaces hors temps mondes rencontrent images recues instants captures hommes femmes presents lors ceremonies empreintes vibratoires garde gravees cur etre quand tambours resonnent quand coquillages appellent directions quand souffle ancien didgeridoos traverse air cellules reveillent sang souvient ame voyage marche vies interieures traverse memoires messages viennent portes esprits ancetres terre chaque retour vision affine clairvoyance ouvre davantage comme feu apprend mieux bruler parfois cela surprend ame reconnait chemin heures plus puissantes celles aube quand nuit murmure encore monde retient souffle marche obscurite naissante sensation profonde ocean reconnait parle accueille separee nature nature souvient meme terre mere instants ressens jusque racines eternelle gratitude faire partie cette communaute spirituelle playa yoga ceremonies levers soleil conscience respiration rythment matins nourrissent ame playa cote plage trouve deploient aube rituels sacres terre parle ciel ouvre prieres prennent forme souffle ame venue naturellement vivre cote plage comme essence savait deja comme tout etait inscrit bien avant cette vie gracias gracias gracias aho folded hands medium skin tone purple heart sun with face water wave nazar amulet hamsa wing sparkles yin yang glowing star woman in lotus position light skin tone lotus om ceremonie playadelcarmenmexico shamanic maya curacion,"['ADJ', 'NOUN', 'NOUN', 'PROPN', 'NOUN', 'ADJ', 'NOUN', 'ADP', 'NOUN', 'ADJ', 'ADV', 'ADJ', 'ADJ', 'ADJ', 'ADJ', 'NOUN', 'NOUN', 'ADJ', 'ADV', 'VERB', 'NOUN', 'ADJ', 'NOUN', 'ADJ', 'NOUN', 'AUX', 'SCONJ', 'NOUN', 'ADV', 'SCONJ', 'NOUN', 'VERB', 'ADJ', 'ADP', 'NOUN', 'ADJ', 'ADJ', 'NOUN', 'ADJ', 'NOUN', 'VERB', 'ADJ', 'VERB', 'DET', 'NOUN', 'NOUN', 'ADJ', 'ADJ', 'ADJ', 'ADJ', 'NOUN', 'VERB', 'NOUN', 'ADJ', 'ADJ', 'VERB', 'DET', 'NOUN', 'NOUN', 'ADJ', 'NOUN', 'VERB', 'ADV', 'ADP', 'NOUN', 'VERB', 'ADV', 'VERB', 'ADV', 'PRON', 'VERB', 'PRON', 'VERB', 'NOUN', 'NOUN', 'ADV', 'ADJ', 'ADJ', 'VERB', 'SCONJ', 'NOUN', 'ADJ', 'ADV', 'PROPN', 'ADJ', 'ADJ', 'ADJ', 'ADJ', 'ADJ', 'NOUN', 'ADJ', 'VERB', 'VERB', 'ADJ', 'ADJ', 'VERB', 'NOUN', 'ADJ', 'ADJ', 'ADJ', 'NOUN', 'ADJ', 'ADJ', 'ADJ', 'ADJ', 'NOUN', 'ADJ', 'NOUN', 'VERB', 'NOUN', 'DET', 'NOUN', 'NOUN', 'ADJ', 'ADJ', 'VERB', 'ADJ', 'NOUN', 'NOUN', 'NOUN', 'AUX', 'ADJ', 'ADV', 'NOUN', 'NOUN', 'ADJ', 'NOUN', 'VERB', 'VERB', 'NOUN', 'ADJ', 'ADJ', 'VERB', 'ADJ', 'NOUN', 'VERB', 'ADJ', 'VERB', 'NOUN', 'ADJ', 'NOUN', 'NOUN', 'ADV', 'ADJ', 'ADJ', 'NOUN', 'ADP', 'NOUN', 'VERB', 'VERB', 'ADP', 'PRON', 'VERB', 'VERB', 'ADV', 'ADP', 'DET', 'NOUN', 'ADJ', 'ADJ', 'ADJ', 'DET', 'ADJ', 'ADJ', 'PRON', 'ADJ', 'NOUN', 'ADJ', 'NOUN', 'ADJ', 'VERB', 'NOUN', 'VERB', 'NOUN', 'NOUN', 'ADJ', 'NOUN', 'ADJ', 'ADJ', 'ADJ', 'VERB', 'ADJ', 'NOUN', 'VERB', 'ADJ', 'NOUN', 'NOUN', 'NOUN', 'ADJ', 'VERB', 'PROPN', 'CCONJ', 'NOUN', 'ADJ', 'NOUN', 'VERB', 'NOUN']","['ceremonies freres surs chamans', 'temps mondes', 'hommes', 'femmes', 'empreintes vibratoires', 'garde gravees cur', 'souffle', 'ancien didgeridoos traverse', 'ame voyage marche', 'messages', 'portes esprits', 'chaque retour vision', 'affine clairvoyance', 'feu', 'cela', 'ame', 'sensation profonde', 'gratitude', 'partie', 'cette communaute spirituelle playa yoga ceremonies levers soleil', 'conscience respiration', 'ame playa cote', 'aube rituels', 'forme', 'essence savait', 'tout', 'cette vie gracias gracias gracias', 'medium skin', 'heart', 'lotus', 'position light skin', 'lotus', 'shamanic', 'curacion']","[{'text': 'sun with', 'label': 'MISC'}, {'text': 'wave nazar amulet hamsa', 'label': 'PER'}, {'text': 'star woman in lotus', 'label': 'MISC'}, {'text': 'skin tone', 'label': 'PER'}, {'text': 'playadelcarmenmexico shamanic maya', 'label': 'PER'}]",0.025380710659898477
36808,,desert island villa luxe discret cur caribbean mexicain nichee prestigieuse communaute securisee puerto aventuras cette villa exception offre art vivre rare golf marina plages turquoise chambres espaces lumineux ouverts exterieur piscine privee entouree vegetation tropicale villa victoria incarne equilibre parfait elegance confort serenite design pense vie fluide interieur exterieur suite parentale terrasse privee jacuzzi ainsi vue imprenable golf font residence ideale check mark residence principale check mark maison vacances haut gamme check mark investissement patrimonial securise situee communautes plus sures plus recherchees riviera maya beneficie egalement acces prive marina plages sable blanc quelques minutes infrastructures sportives familiales environnement calme verdoyant sparkles propriete pensee vivre pleinement recevoir ressourcer investir intelligence round pushpin puerto aventuras riviera maya locked with key communaute fermee golf marina palm tree piscine privee jardin tropical sun panneaux solaires vue golf lavikingainmobiliaria puertoaventuras immobilierdeluxemexique rivieramayaluxury investiraumexique,"['NOUN', 'VERB', 'VERB', 'ADJ', 'ADJ', 'NOUN', 'PROPN', 'PROPN', 'PROPN', 'ADJ', 'X', 'PROPN', 'VERB', 'VERB', 'DET', 'NOUN', 'NOUN', 'VERB', 'DET', 'NOUN', 'ADJ', 'NOUN', 'ADJ', 'NOUN', 'ADJ', 'NOUN', 'NOUN', 'ADJ', 'VERB', 'ADJ', 'NOUN', 'ADJ', 'X', 'NOUN', 'ADJ', 'VERB', 'VERB', 'ADJ', 'NOUN', 'VERB', 'NOUN', 'ADJ', 'VERB', 'ADJ', 'VERB', 'NOUN', 'VERB', 'ADJ', 'ADJ', 'NOUN', 'ADJ', 'VERB', 'ADJ', 'NOUN', 'ADV', 'NOUN', 'ADJ', 'NOUN', 'VERB', 'NOUN', 'ADJ', 'VERB', 'ADJ', 'NOUN', 'ADJ', 'ADJ', 'ADJ', 'NOUN', 'NOUN', 'ADJ', 'NOUN', 'VERB', 'ADJ', 'NOUN', 'ADJ', 'ADJ', 'VERB', 'VERB', 'ADV', 'ADJ', 'ADV', 'NOUN', 'NOUN', 'ADJ', 'ADJ', 'ADV', 'NOUN', 'ADJ', 'ADJ', 'NOUN', 'ADJ', 'ADJ', 'DET', 'NOUN', 'NOUN', 'ADJ', 'ADJ', 'AUX', 'ADJ', 'VERB', 'ADJ', 'ADJ', 'ADJ', 'ADJ', 'ADV', 'VERB', 'VERB', 'VERB', 'NOUN', 'NOUN', 'DET', 'NOUN', 'ADJ', 'NOUN', 'VERB', 'NOUN', 'PROPN', 'PROPN', 'X', 'NOUN', 'ADJ', 'ADJ', 'ADJ', 'ADJ', 'NOUN', 'ADJ', 'PROPN', 'NOUN', 'ADJ', 'NOUN', 'ADJ', 'NOUN', 'ADJ', 'NOUN', 'NOUN', 'ADJ', 'ADJ', 'ADJ']","['desert', 'cur', 'caribbean mexicain nichee prestigieuse communaute', 'securisee', 'cette villa exception', 'art vivre rare', 'plages', 'piscine privee', 'elegance confort', 'vie', 'suite parentale', 'ainsi vue', 'golf', 'residence ideale', 'residence principale', 'maison', 'vacances', 'haut gamme', 'plus recherchees', 'riviera', 'beneficie egalement acces prive', 'plages sable', 'quelques minutes infrastructures sportives', 'pushpin puerto aventuras', 'riviera', 'tree piscine privee', 'jardin tropical sun', 'panneaux solaires']","[{'text': 'desert island villa', 'label': 'LOC'}, {'text': 'caribbean mexicain', 'label': 'PER'}, {'text': 'piscine privee entouree', 'label': 'PER'}, {'text': 'privee jacuzzi', 'label': 'PER'}, {'text': 'check mark', 'label': 'MISC'}, {'text': 'check mark', 'label': 'MISC'}, {'text': 'check mark', 'label': 'MISC'}, {'text': 'pushpin puerto aventuras', 'label': 'PER'}, {'text': 'with key', 'label': 'PER'}, {'text': 'golf marina palm tree piscine privee', 'label': 'PER'}, {'text': 'sun', 'label': 'ORG'}, {'text': 'puertoaventuras', 'label': 'PER'}]",0.08695652173913043
37068,,punta allen trouve cur reserve sian lieux plus sauvages mexique mangroves dauphins tortues eaux incroyablement claires butterfly palm tree puntaallen mexique excursionfrancophone pixanriviera siankaan,"['NOUN', 'VERB', 'VERB', 'NOUN', 'VERB', 'ADJ', 'ADJ', 'ADV', 'NOUN', 'ADJ', 'NOUN', 'ADJ', 'ADJ', 'NOUN', 'VERB', 'ADJ', 'ADJ', 'VERB', 'DET', 'NOUN', 'ADJ', 'NOUN', 'VERB', 'ADJ']","['punta', 'lieux plus sauvages mexique', 'excursionfrancophone']","[{'text': 'mexique', 'label': 'LOC'}, {'text': 'excursionfrancophone', 'label': 'PER'}]",0.08333333333333333
37109,,punta allen mexique desert island petit coin paradis apres journee riche decouverte puntaallen mexique mexico vacaciones memories lovetrip,"['NOUN', 'VERB', 'ADJ', 'NOUN', 'ADJ', 'ADJ', 'NOUN', 'ADJ', 'ADJ', 'NOUN', 'ADJ', 'ADJ', 'NOUN', 'ADJ', 'ADJ', 'ADJ', 'NOUN', 'ADJ']","['punta', 'petit coin paradis apres', 'decouverte puntaallen mexique']","[{'text': 'journee', 'label': 'PER'}, {'text': 'memories lovetrip', 'label': 'LOC'}]",0.1111111111111111
40974,4.0,de toute beaute illuminee en soiree,"['ADP', 'DET', 'NOUN', 'ADJ', 'ADP', 'PROPN']","['toute beaute illuminee', 'soiree']",[],0.0
41133,4.0,la cathedrale situee au centre de la paz est tres jolie admirez ces deux clocher et sa toiture en tuiles en bois le week end ceremonies de mariage en nombre,"['DET', 'ADJ', 'VERB', 'ADP', 'NOUN', 'ADP', 'DET', 'NOUN', 'AUX', 'ADJ', 'VERB', 'VERB', 'DET', 'NUM', 'NOUN', 'CCONJ', 'DET', 'NOUN', 'ADP', 'NOUN', 'ADP', 'NOUN', 'DET', 'NOUN', 'NOUN', 'VERB', 'ADP', 'NOUN', 'ADP', 'NOUN']","['centre', 'la paz', 'ces deux clocher', 'sa toiture', 'tuiles', 'bois', 'end', 'mariage', 'nombre']","[{'text': 'paz', 'label': 'LOC'}]",0.03333333333333333
41190,2.0,nous avons ete extremement decus par cet hotel dont les photos et certains avis nous avaient convaincus effectivement cest une cathedrale un patio interieur central avec une colonne dascenseur qui distribue des etages avec couloirs de circulations en carre et ouvert sur toute la hauteur sur 4 ou 5 etages ce qui fait que lorsque lon a des fetards qui rentrent ivres et bruyants tout le monde en profite petit dejeuner ou il faut tout demander toast beurre etc sans compter une reception completement dilettante des chambres sans aucun charmes et un deposit a faire si vous voulez consommer au bord de la piscinette car ils ne vous font pas confiance pour signer et payer a la fin du sejour a fuir,"['PRON', 'AUX', 'AUX', 'ADV', 'VERB', 'ADP', 'DET', 'NOUN', 'PRON', 'DET', 'NOUN', 'CCONJ', 'PRON', 'NOUN', 'PRON', 'AUX', 'VERB', 'ADV', 'ADV', 'DET', 'ADJ', 'DET', 'NOUN', 'ADJ', 'ADJ', 'ADP', 'DET', 'NOUN', 'ADJ', 'PRON', 'VERB', 'ADP', 'NOUN', 'ADP', 'NOUN', 'ADP', 'NOUN', 'ADP', 'NOUN', 'CCONJ', 'ADJ', 'ADP', 'ADJ', 'DET', 'NOUN', 'ADP', 'NUM', 'CCONJ', 'NUM', 'ADJ', 'PRON', 'PRON', 'VERB', 'SCONJ', 'SCONJ', 'VERB', 'VERB', 'DET', 'NOUN', 'PRON', 'VERB', 'NOUN', 'CCONJ', 'ADJ', 'ADJ', 'DET', 'NOUN', 'ADP', 'VERB', 'ADJ', 'VERB', 'CCONJ', 'PRON', 'VERB', 'ADV', 'VERB', 'NOUN', 'ADJ', 'PRON', 'ADP', 'VERB', 'DET', 'NOUN', 'ADV', 'NOUN', 'DET', 'NOUN', 'ADP', 'DET', 'NOUN', 'CCONJ', 'DET', 'NOUN', 'AUX', 'VERB', 'SCONJ', 'PRON', 'VERB', 'VERB', 'ADP', 'NOUN', 'ADP', 'DET', 'NOUN', 'CCONJ', 'PRON', 'ADV', 'PRON', 'VERB', 'ADV', 'NOUN', 'ADP', 'VERB', 'CCONJ', 'VERB', 'AUX', 'DET', 'NOUN', 'ADP', 'NOUN', 'AUX', 'VERB']","['nous', 'cet hotel', 'dont', 'et certains avis', 'cest une cathedrale un patio interieur', 'une colonne dascenseur', 'qui', 'etages', 'couloirs', 'circulations', 'carre', 'toute la hauteur', 'qui', 'des fetards', 'qui', 'ivres', 'tout le monde', 'toast beurre etc', 'une reception completement', 'des chambres', 'aucun charmes', 'un deposit', 'vous', 'bord', 'la piscinette', 'ils', 'confiance', 'la fin', 'sejour']",[],0.0
41215,3.0,eglise sobre dans le style mexicain sur une place sympathique promenade a 10 minutes du malecon a voir,"['NOUN', 'ADJ', 'ADP', 'DET', 'NOUN', 'PROPN', 'ADP', 'DET', 'NOUN', 'ADJ', 'ADJ', 'AUX', 'NUM', 'NOUN', 'ADP', 'NOUN', 'AUX', 'VERB']","['eglise sobre', 'le style mexicain', 'une place sympathique', 'malecon']","[{'text': 'malecon', 'label': 'LOC'}]",0.05555555555555555
41285,5.0,situee face a un parc plutot sympathique ou vous aurez peut etre la chance de rencontrer un club de femmes qui travaillent en plein air sur des productions artisanales chaussons chales napperons leglise en elle meme est tres simple a limage des gens de la ville une halte propice a se recueilliret une femme qui peut fort bien vous aborder pour vous donner en toute simplicite une image pieuse,"['VERB', 'NOUN', 'VERB', 'DET', 'NOUN', 'PROPN', 'ADJ', 'CCONJ', 'PRON', 'VERB', 'VERB', 'VERB', 'DET', 'NOUN', 'ADP', 'VERB', 'DET', 'NOUN', 'ADP', 'NOUN', 'PRON', 'VERB', 'ADP', 'ADJ', 'NOUN', 'ADP', 'DET', 'NOUN', 'ADJ', 'ADJ', 'ADJ', 'ADJ', 'VERB', 'ADP', 'PRON', 'VERB', 'AUX', 'ADV', 'ADJ', 'AUX', 'NOUN', 'ADP', 'NOUN', 'ADP', 'DET', 'NOUN', 'DET', 'NOUN', 'NOUN', 'AUX', 'PRON', 'VERB', 'DET', 'NOUN', 'PRON', 'VERB', 'ADV', 'ADV', 'PRON', 'VERB', 'ADP', 'PRON', 'VERB', 'ADP', 'ADJ', 'NOUN', 'DET', 'NOUN', 'ADJ']","['face', 'un parc', 'plutot', 'vous', 'la chance', 'un club', 'femmes', 'qui', 'plein air', 'des productions artisanales', 'elle', 'est tres simple a limage des gens', 'la ville', 'une halte', 'une femme', 'qui', 'toute simplicite', 'une image pieuse']",[],0.0
41305,4.0,une cathedrale avec lesprit jesuite du 17eme tres sobre mais attachante et vraiment a decouvrir pour les racines de cette ville,"['DET', 'NOUN', 'ADP', 'NOUN', 'NOUN', 'ADP', 'NUM', 'NOUN', 'ADJ', 'CCONJ', 'ADJ', 'CCONJ', 'ADV', 'AUX', 'VERB', 'ADP', 'DET', 'NOUN', 'ADP', 'DET', 'NOUN']","['une cathedrale', 'lesprit', 'tres sobre', 'les racines', 'cette ville']",[],0.0
41330,3.0,pas inoubliable mais bien dans le style mexicain donc petite sortie sympathique cest assez facile a trouver et pas tres long,"['ADV', 'ADJ', 'CCONJ', 'ADV', 'ADP', 'DET', 'NOUN', 'ADJ', 'ADV', 'ADJ', 'NOUN', 'ADJ', 'ADJ', 'ADV', 'PRON', 'AUX', 'VERB', 'CCONJ', 'ADV', 'NOUN', 'ADJ']","['bien dans le style', 'petite sortie sympathique', 'cest assez facile', 'pas tres']",[],0.0
41380,4.0,sans pretention cette cathedrale a lavantage de donner sur un jardin ombrage a lecart de la circulation trepidante de la paz et donc propice au recueillement,"['ADP', 'NOUN', 'DET', 'ADJ', 'AUX', 'NOUN', 'ADP', 'VERB', 'ADP', 'DET', 'AUX', 'NOUN', 'VERB', 'NOUN', 'ADP', 'DET', 'NOUN', 'ADJ', 'ADP', 'DET', 'NOUN', 'CCONJ', 'ADV', 'NOUN', 'ADP', 'NOUN']","['pretention', 'un jardin ombrage', 'lecart', 'la circulation trepidante', 'la paz', 'donc propice', 'recueillement']","[{'text': 'paz', 'label': 'MISC'}]",0.038461538461538464
41514,5.0,Toujours trs agréable pour se promener le soir et faire des photos du coucher de soleil,"['ADV', 'ADV', 'ADJ', 'ADP', 'PRON', 'VERB', 'DET', 'NOUN', 'CCONJ', 'VERB', 'DET', 'NOUN', 'ADP', 'VERB', 'ADP', 'NOUN']","['le soir', 'des photos', 'soleil']",[],0.0
41526,5.0,Sympa pour se balader ou aller courir,"['PROPN', 'ADP', 'PRON', 'VERB', 'CCONJ', 'VERB', 'VERB']",['Sympa'],"[{'text': 'Sympa', 'label': 'LOC'}]",0.14285714285714285
41551,5.0,Trs jolie coin voir absolument,"['NOUN', 'VERB', 'ADV', 'VERB', 'ADV']",['Trs'],"[{'text': 'Trs', 'label': 'MISC'}]",0.2
41645,5.0,"Magnifique balade, il fait bon y flner","['NOUN', 'NOUN', 'PUNCT', 'PRON', 'VERB', 'ADJ', 'PRON', 'VERB']","['Magnifique balade, il fait bon y flner']","[{'text': 'Magnifique balade', 'label': 'PER'}]",0.125
41663,5.0,Facile pour voyager pas chre,"['PROPN', 'ADP', 'VERB', 'ADV', 'ADJ']",['Facile'],"[{'text': 'Facile', 'label': 'PER'}]",0.2
41673,5.0,Beau trottoir orné de palmiers et de statues. Belle vue sur la mer et la plage. Beaucoup be kiosques dartisanat et autres.,"['NOUN', 'NOUN', 'VERB', 'ADP', 'NOUN', 'CCONJ', 'ADP', 'NOUN', 'PUNCT', 'ADJ', 'NOUN', 'ADP', 'DET', 'PROPN', 'CCONJ', 'DET', 'NOUN', 'PUNCT', 'PRON', 'PRON', 'NOUN', 'ADP', 'NOUN', 'CCONJ', 'ADJ', 'PUNCT']","['Beau', 'palmiers', 'de statues', 'Belle vue', 'la mer', 'la plage', 'Beaucoup', 'kiosques', 'artisanat']",[],0.0
41682,5.0,Site trs ensoleillé et magnifique. Trs agréable en soirée ou tt le matin.,"['NOUN', 'PRON', 'ADJ', 'CCONJ', 'ADJ', 'PUNCT', 'ADV', 'ADJ', 'ADP', 'NOUN', 'CCONJ', 'NOUN', 'DET', 'NOUN', 'PUNCT']","['Site', 'trs', 'soirée', 'tt le matin']",[],0.0
42222,4.0,Lieu de toutes les promenades. Trs vivant au moment d halloween,"['NOUN', 'ADP', 'ADJ', 'DET', 'NOUN', 'PUNCT', 'ADV', 'ADV', 'ADP', 'NOUN', 'ADP', 'ADV']","['Lieu', 'toutes les promenades', 'moment']","[{'text': 'Trs', 'label': 'MISC'}, {'text': 'halloween', 'label': 'MISC'}]",0.16666666666666666
42598,5.0,Just beautiful,"['NOUN', 'ADJ']",['Just'],"[{'text': 'Just beautiful', 'label': 'MISC'}]",0.5
43113,5.0,"Il est vraiment trs agréable de sy promener et nous avons adoré y marcher et y admirer les sunset. Malgré cela, il faut bien avouer que la plage est loin dtre la plus belle des alentours ni la plus agréable pour la baignade.","['PRON', 'AUX', 'ADV', 'ADV', 'ADJ', 'ADP', 'DET', 'NOUN', 'CCONJ', 'PRON', 'AUX', 'VERB', 'PRON', 'VERB', 'CCONJ', 'PRON', 'VERB', 'DET', 'NOUN', 'PUNCT', 'ADP', 'PRON', 'PUNCT', 'PRON', 'VERB', 'ADV', 'VERB', 'SCONJ', 'DET', 'NOUN', 'AUX', 'ADV', 'ADJ', 'DET', 'ADV', 'ADJ', 'ADP', 'NOUN', 'CCONJ', 'DET', 'ADV', 'ADJ', 'ADP', 'DET', 'NOUN', 'PUNCT']","['sy promener', 'nous', 'les sunset', 'cela', 'la plage', 'alentours', 'la baignade']",[],0.0
43137,5.0,Jolie plage et beau front de mer avec bars et Restos. Vaut la balade. Piétonnier et piste cyclable cté,"['NOUN', 'NOUN', 'CCONJ', 'NOUN', 'VERB', 'ADP', 'VERB', 'ADP', 'NOUN', 'CCONJ', 'PROPN', 'PUNCT', 'VERB', 'DET', 'NOUN', 'PUNCT', 'NOUN', 'CCONJ', 'ADJ', 'ADJ', 'VERB']","['Jolie plage', 'beau', 'bars', 'Restos', 'la balade', 'Piétonnier']","[{'text': 'Jolie', 'label': 'PER'}, {'text': 'Restos', 'label': 'PER'}]",0.09523809523809523
43314,4.0,"Promenade agréable , beaux couchers de soleil","['NOUN', 'ADJ', 'PUNCT', 'ADJ', 'ADJ', 'ADP', 'NOUN']","['Promenade agréable , beaux couchers de soleil']","[{'text': 'Promenade agréable', 'label': 'MISC'}]",0.14285714285714285
43628,5.0,Beautiful. Lost of restaurant,"['PROPN', 'PUNCT', 'ADJ', 'PRON', 'VERB']",['Beautiful'],"[{'text': 'Beautiful', 'label': 'LOC'}]",0.2
44543,4.0,"Un endroit trs agréable, avec des couleurs splendides en fin de journée. Parfait pour une ballade en bord de mer","['DET', 'NOUN', 'DET', 'ADJ', 'PUNCT', 'ADP', 'DET', 'NOUN', 'ADJ', 'ADP', 'NOUN', 'ADP', 'NOUN', 'PUNCT', 'VERB', 'ADP', 'DET', 'NOUN', 'ADP', 'NOUN', 'ADP', 'VERB']","['Un endroit trs agréable', 'des couleurs splendides', 'fin', 'journée', 'une ballade', 'bord']",[],0.0
44576,5.0,Un des plus malecon du pays bien que soir il soit embouteillé vers 18h. Facile de se garer dans les rues autour. Des terrasses au rez de chaussée et au premier étage tout au long aussi bien pour manger que boire.,"['PRON', 'ADP', 'ADV', 'VERB', 'ADP', 'NOUN', 'ADV', 'SCONJ', 'NOUN', 'PRON', 'AUX', 'VERB', 'ADP', 'PROPN', 'PUNCT', 'NOUN', 'ADP', 'PRON', 'VERB', 'ADP', 'DET', 'NOUN', 'ADV', 'PUNCT', 'DET', 'NOUN', 'ADP', 'NOUN', 'ADP', 'NOUN', 'CCONJ', 'ADP', 'ADJ', 'NOUN', 'ADV', 'ADP', 'ADJ', 'ADV', 'ADV', 'ADP', 'VERB', 'SCONJ', 'VERB', 'PUNCT']","['Un', 'pays', 'il', '18h', 'Facile', 'les rues', 'Des terrasses', 'rez', 'chaussée', 'au premier étage']",[],0.0
44739,5.0,Beautiful course beautiful day,"['NOUN', 'ADJ', 'NOUN', 'ADJ', 'PUNCT']","['Beautiful', 'course beautiful day']",[],0.0
45538,5.0,Le cur touristique de La Paz qui sétend le long de la plage. On peut y trouver nombres de restaurants et bars et mme quelques stands de street food. Les rues adjacentes la mer offre pleins de boutiques de vtements. Une partie immanquable de la ville.,"['DET', 'NOUN', 'ADJ', 'ADP', 'DET', 'NOUN', 'PRON', 'PRON', 'VERB', 'DET', 'NOUN', 'ADP', 'DET', 'NOUN', 'PUNCT', 'PRON', 'VERB', 'PRON', 'VERB', 'NOUN', 'ADP', 'NOUN', 'CCONJ', 'ADJ', 'CCONJ', 'NOUN', 'DET', 'NOUN', 'ADP', 'NOUN', 'PROPN', 'PUNCT', 'DET', 'NOUN', 'ADJ', 'DET', 'ADJ', 'VERB', 'ADJ', 'ADP', 'ADJ', 'ADP', 'NOUN', 'PUNCT', 'DET', 'NOUN', 'ADJ', 'ADP', 'DET', 'NOUN', 'PUNCT']","['Le cur touristique', 'La Paz', 'qui', 'le long', 'la plage', 'On', 'nombres', 'restaurants', 'mme', 'quelques stands', 'street', 'Les rues adjacentes', 'vtements', 'Une partie immanquable', 'la ville']","[{'text': 'La Paz', 'label': 'LOC'}]",0.0196078431372549
45750,5.0,"Nous avons adoré cette plage  Nous étions 11 et avons réservé en ligne  laccs est facile et le parking pratique. La plage est magnifique, au point que nous y sommes retournés deux fois. Nous avons pu observer des raies, des crabes et de superbes poissons. Génial ","['PRON', 'AUX', 'VERB', 'DET', 'NOUN', 'PUNCT', 'PRON', 'VERB', 'NUM', 'CCONJ', 'AUX', 'VERB', 'ADP', 'NOUN', 'PUNCT', 'VERB', 'AUX', 'VERB', 'CCONJ', 'DET', 'NOUN', 'ADJ', 'PUNCT', 'DET', 'NOUN', 'AUX', 'ADJ', 'PUNCT', 'ADP', 'NOUN', 'PRON', 'PRON', 'PRON', 'AUX', 'ADJ', 'NUM', 'NOUN', 'PUNCT', 'PRON', 'AUX', 'VERB', 'VERB', 'DET', 'NOUN', 'PUNCT', 'DET', 'NOUN', 'CCONJ', 'ADP', 'NOUN', 'NOUN', 'PUNCT', 'ADJ', 'PUNCT']","['Nous', 'cette plage', 'Nous', 'ligne', 'le parking', 'La plage', 'point', 'nous', 'deux fois', 'Nous', 'des raies', 'des crabes', 'de superbes']","[{'text': 'laccs', 'label': 'LOC'}, {'text': 'Génial', 'label': 'LOC'}]",0.037037037037037035
45792,4.0,"Plage pour Instagram et compagnie... Arrivé 7h du matin, 4 voitures dans la file, noubliez pas dachetez vos bracelets au préalable sur le site du gouvernement 125mxpersonne. Belle plage mais rien dextraordinaire, le sable est fin et froid, mais plein de branches et petit cailloux. Attention aux meduses.","['NOUN', 'ADP', 'NOUN', 'CCONJ', 'NOUN', 'PUNCT', 'VERB', 'ADJ', 'ADP', 'NOUN', 'PUNCT', 'NUM', 'NOUN', 'ADP', 'DET', 'NOUN', 'PUNCT', 'ADV', 'VERB', 'ADV', 'ADP', 'VERB', 'DET', 'NOUN', 'ADP', 'NOUN', 'ADP', 'DET', 'NOUN', 'ADP', 'NOUN', 'ADJ', 'PUNCT', 'PROPN', 'NOUN', 'CCONJ', 'PRON', 'ADP', 'NOUN', 'PUNCT', 'DET', 'NOUN', 'AUX', 'NOUN', 'CCONJ', 'ADJ', 'PUNCT', 'CCONJ', 'ADJ', 'ADP', 'NOUN', 'CCONJ', 'ADJ', 'NOUN', 'PUNCT', 'NOUN', 'ADP', 'NOUN', 'PUNCT']","['Plage', 'Instagram', 'compagnie', 'matin', 'la file', 'vos bracelets', 'préalable', 'le site', 'gouvernement 125mxpersonne', 'Belle plage', 'rien', 'extraordinaire', 'le sable', 'branches', 'petit cailloux', 'Attention', 'meduses']","[{'text': 'Instagram', 'label': 'LOC'}]",0.01694915254237288
46123,5.0,"Compltement sublime comme endroit A voir au moins une fois dans sa vie Nous sommes arrivé en avant midi et lachalandage était parfait, nous avons commencer par un petit hiking pour avoir droit au majestueux points de vue tout en hauteur et avons absolument pas regretté notre choix Nous avons terminés a avec une petite baignade dans cette eau cristalline incroyable Ps aucun restaurant sur place","['NOUN', 'VERB', 'ADP', 'NOUN', 'PUNCT', 'PUNCT', 'AUX', 'VERB', 'ADP', 'ADV', 'DET', 'NOUN', 'ADP', 'DET', 'NOUN', 'PUNCT', 'PRON', 'AUX', 'VERB', 'ADP', 'ADP', 'NOUN', 'CCONJ', 'DET', 'NOUN', 'AUX', 'VERB', 'PUNCT', 'PRON', 'VERB', 'VERB', 'ADP', 'DET', 'ADJ', 'NOUN', 'ADP', 'VERB', 'NOUN', 'ADP', 'ADJ', 'NOUN', 'ADP', 'NOUN', 'ADV', 'ADP', 'NOUN', 'CCONJ', 'AUX', 'ADV', 'ADV', 'VERB', 'DET', 'NOUN', 'PUNCT', 'PRON', 'AUX', 'VERB', 'AUX', 'ADP', 'DET', 'ADJ', 'NOUN', 'ADP', 'DET', 'NOUN', 'NOUN', 'ADJ', 'PUNCT', 'PROPN', 'PUNCT', 'DET', 'NOUN', 'ADP', 'NOUN', 'PUNCT']","['Compltement sublime comme endroit', 'moins une fois', 'sa vie', 'Nous', ""l'achalandage"", 'nous', 'un petit hiking', 'majestueux points', 'vue', 'tout en hauteur', 'notre choix', 'Nous', 'une petite baignade', 'cette eau', 'cristalline incroyable', 'Ps', 'aucun restaurant', 'place']","[{'text': 'Ps', 'label': 'ORG'}]",0.013333333333333334
46224,5.0,Magnifique,['PROPN'],['Magnifique'],"[{'text': 'Magnifique', 'label': 'LOC'}]",1.0
46247,5.0,Cétait simplement magnifique,"['VERB', 'ADV', 'ADJ']",[],[],0.0
46297,5.0,"Plus belle plage de BCS, petit détail, il y a deux entrer par jour le premier ce termine midi et le deuxime entre pour 13h.","['ADV', 'ADJ', 'NOUN', 'ADP', 'PROPN', 'PUNCT', 'ADJ', 'NOUN', 'PUNCT', 'PRON', 'PRON', 'VERB', 'NUM', 'VERB', 'ADP', 'NOUN', 'DET', 'ADJ', 'DET', 'NOUN', 'ADJ', 'CCONJ', 'DET', 'NOUN', 'ADP', 'ADP', 'ADJ', 'PUNCT']","['Plus belle plage', 'BCS', 'petit détail', 'jour', 'le premier ce termine midi']",[],0.0
46305,4.0,"Lendroit est magnifique, mais le concept est vraiment trs mauvais et mal fait. Nous avons attendu 1h30 en file dattente pour accéder au parc, il restait 1 seule voiture devant nous et on vous a mentionné que le parc était capacité maximale et de revenir le lendemain. Cest vraiment trs choquant surtout avec des enfants de bas ges aussi longtemps dans la voiture. Nous avons essayé dy retourner le lendemain et avons discuté attendre 2 heures da la file. Il y a 2 shift. Le premier shift est de 9h00 12h00 Le deuxime shif est de 13h00 17h0. Mercij","['DET', 'NOUN', 'AUX', 'ADJ', 'PUNCT', 'CCONJ', 'DET', 'NOUN', 'AUX', 'ADV', 'ADV', 'VERB', 'CCONJ', 'ADV', 'VERB', 'PUNCT', 'PRON', 'AUX', 'VERB', 'NUM', 'ADP', 'NOUN', 'ADP', 'NOUN', 'ADP', 'VERB', 'ADP', 'NOUN', 'PUNCT', 'PRON', 'VERB', 'NUM', 'ADJ', 'NOUN', 'ADP', 'PRON', 'CCONJ', 'PRON', 'PRON', 'AUX', 'VERB', 'SCONJ', 'DET', 'NOUN', 'AUX', 'NOUN', 'ADJ', 'CCONJ', 'ADP', 'VERB', 'DET', 'NOUN', 'PUNCT', 'PRON', 'AUX', 'ADV', 'ADV', 'VERB', 'ADV', 'ADP', 'DET', 'NOUN', 'ADP', 'ADJ', 'NOUN', 'ADV', 'ADV', 'ADP', 'DET', 'NOUN', 'PUNCT', 'PRON', 'AUX', 'VERB', 'ADP', 'PRON', 'VERB', 'DET', 'NOUN', 'CCONJ', 'AUX', 'VERB', 'VERB', 'NUM', 'NOUN', 'ADP', 'DET', 'NOUN', 'PUNCT', 'PRON', 'PRON', 'VERB', 'NUM', 'NOUN', 'PUNCT', 'DET', 'ADJ', 'NOUN', 'AUX', 'ADP', 'DET', 'NOUN', 'DET', 'NOUN', 'NOUN', 'AUX', 'ADP', 'NOUN', 'NUM', 'PUNCT', 'NOUN']","[""L'endroit"", 'le concept', 'Nous', 'file', 'attente', 'parc', 'il', '1 seule voiture', 'nous', 'on', 'le parc', 'le lendemain', ""C'"", 'des enfants', 'bas ges', 'la voiture', 'Nous', 'le lendemain', '2 heures', 'Il y a 2 shift', 'Le premier shift', '12h00', 'Le deuxime shif', 'Mercij']","[{'text': 'Mercij', 'label': 'PER'}]",0.009009009009009009
46358,5.0,Un paraiso,"['DET', 'NOUN']",['Un paraiso'],[],0.0
46379,4.0,"Bel endroit, protégé, visiteurs limités, eau chaude mais peu profonde","['PROPN', 'PROPN', 'PUNCT', 'ADJ', 'PUNCT', 'NOUN', 'ADJ', 'PUNCT', 'NOUN', 'NOUN', 'CCONJ', 'ADV', 'ADJ']","['Bel endroit, protégé, visiteurs limités, eau chaude mais peu profonde']",[],0.0
46423,5.0,Magnifique,"['PROPN', 'PUNCT']",['Magnifique'],"[{'text': 'Magnifique', 'label': 'PER'}]",0.5
46593,5.0,"Super , eau cristalline et peu profonds. Deux horaire pour les entrées. 8h ou 12h Ils louent également parasol et chaises. Location seulement parasol 200 pesos et parasol et 2 chaises 350 pesos Pour nous, il y a eu beaucoup de vent en apres midi.. tous avait de la difficulté garder les parasol ouverts Il y a des espaces d ombres sous les gros rochers Pour prendre la photo du champignon qui est plus loin.. on peut marcher dans l eau ou sur la plage a vaut le détour, aucun frais d entrée Il n y a pas de nourriture sur place et je n ai pas vu salle de bain","['PROPN', 'PUNCT', 'NOUN', 'NOUN', 'CCONJ', 'ADV', 'ADJ', 'PUNCT', 'NUM', 'NOUN', 'ADP', 'DET', 'NOUN', 'PUNCT', 'ADJ', 'CCONJ', 'ADJ', 'PRON', 'ADV', 'ADV', 'NOUN', 'CCONJ', 'ADJ', 'PUNCT', 'NOUN', 'ADV', 'NOUN', 'PROPN', 'ADJ', 'CCONJ', 'NOUN', 'CCONJ', 'NUM', 'DET', 'NUM', 'NOUN', 'ADP', 'PRON', 'PUNCT', 'PRON', 'PRON', 'AUX', 'VERB', 'ADV', 'ADP', 'ADV', 'ADP', 'NOUN', 'ADJ', 'PUNCT', 'ADJ', 'AUX', 'ADP', 'PRON', 'VERB', 'VERB', 'DET', 'NOUN', 'VERB', 'PRON', 'PRON', 'VERB', 'DET', 'NOUN', 'ADP', 'ADJ', 'ADP', 'DET', 'ADJ', 'NOUN', 'ADP', 'VERB', 'DET', 'NOUN', 'ADP', 'NOUN', 'PRON', 'AUX', 'ADV', 'ADV', 'PUNCT', 'PRON', 'VERB', 'VERB', 'ADP', 'DET', 'NOUN', 'CCONJ', 'ADP', 'DET', 'NOUN', 'AUX', 'VERB', 'DET', 'NOUN', 'PUNCT', 'DET', 'NOUN', 'ADP', 'NOUN', 'PRON', 'ADJ', 'PRON', 'VERB', 'ADV', 'DET', 'NOUN', 'ADP', 'NOUN', 'CCONJ', 'PRON', 'ADJ', 'AUX', 'ADV', 'VERB', 'NOUN', 'ADP', 'ADJ']","['Super', ', eau', 'cristalline', 'Deux horaire', 'les entrées', 'Ils', 'Location', 'seulement parasol', '200', 'et parasol', '350 pesos', 'nous', 'apres', 'les parasol', 'des espaces', 'les gros rochers', 'la photo', 'champignon', 'qui', 'on', 'l eau', 'la plage', 'le détour', ', aucun frais', 'entrée', 'de nourriture', 'place', 'je n', 'salle']","[{'text': 'Super', 'label': 'MISC'}, {'text': 'Location', 'label': 'PER'}, {'text': 'Il n y a pas de nourriture sur place et je n ai pas vu salle de bain', 'label': 'MISC'}]",0.025423728813559324
47006,3.0,Il est super de limiter un nombre défini le nombre de visiteur par jour en revanche il faudrait que lentrée soit mieux organisée réservation en ligne ou que le trajet pour la queue soit clairement défini car sinon cest lenfer ,"['PRON', 'AUX', 'VERB', 'ADP', 'VERB', 'DET', 'NOUN', 'VERB', 'DET', 'NOUN', 'ADP', 'NOUN', 'ADP', 'NOUN', 'ADP', 'NOUN', 'PRON', 'VERB', 'SCONJ', 'VERB', 'AUX', 'ADV', 'VERB', 'PUNCT', 'NOUN', 'ADP', 'NOUN', 'CCONJ', 'SCONJ', 'DET', 'NOUN', 'ADP', 'DET', 'NOUN', 'AUX', 'ADV', 'VERB', 'PUNCT', 'CCONJ', 'ADV', 'NOUN', 'NOUN', 'PUNCT']","['un nombre', 'le nombre', 'visiteur', 'jour', 'revanche', 'il', 'réservation', 'ligne', 'que le trajet pour la queue']",[],0.0
47154,5.0,"plus belle plage du monde, nous sommes arrivés 9h et repartis 12h ","['ADV', 'ADJ', 'NOUN', 'ADP', 'NOUN', 'PUNCT', 'PRON', 'AUX', 'VERB', 'ADJ', 'CCONJ', 'VERB', 'NOUN', 'PUNCT']","['plus belle plage', 'monde', 'nous']",[],0.0
47314,4.0,"Il est vrai que la plage est belle, mais tout dépend ce que vous aimez. Celleci offre un plan deau o on peut y marcher jusqu loin dans la mer, donc idéal pour les enfants ou ceux qui naiment pas ou ne savent pas nager. Il y a quand mme des désavantages  pas de vagues, plage peu longue pour marcher, présence de mini raies donc piqres potentielles on est avertis en arrivant, aucune infrastructure sauf toilette. Jai préféré Tecolote.","['PRON', 'VERB', 'ADJ', 'SCONJ', 'DET', 'NOUN', 'AUX', 'ADJ', 'PUNCT', 'CCONJ', 'ADV', 'VERB', 'PRON', 'PRON', 'PRON', 'VERB', 'PUNCT', 'PRON', 'PRON', 'PRON', 'VERB', 'DET', 'NOUN', 'ADP', 'NOUN', 'ADP', 'PRON', 'VERB', 'PRON', 'VERB', 'PROPN', 'PUNCT', 'ADV', 'ADP', 'DET', 'PROPN', 'PUNCT', 'ADV', 'ADJ', 'ADP', 'DET', 'NOUN', 'CCONJ', 'PRON', 'PRON', 'ADV', 'VERB', 'ADV', 'CCONJ', 'ADV', 'VERB', 'ADV', 'VERB', 'PUNCT', 'PRON', 'PRON', 'VERB', 'SCONJ', 'NOUN', 'ADP', 'NOUN', 'PUNCT', 'ADV', 'DET', 'NOUN', 'PUNCT', 'NOUN', 'ADV', 'ADJ', 'ADP', 'VERB', 'PUNCT', 'NOUN', 'ADP', 'NOUN', 'NOUN', 'ADV', 'ADJ', 'ADJ', 'PUNCT', 'PRON', 'AUX', 'VERB', 'ADP', 'VERB', 'PUNCT', 'PUNCT', 'DET', 'NOUN', 'ADP', 'NOUN', 'PUNCT', 'PRON', 'AUX', 'VERB', 'NOUN', 'PUNCT']","['la plage', 'ce', 'que', 'vous', 'Celle', '-', 'ci', 'un plan', 'eau o', 'on', 'jusqu', 'la mer', 'les enfants', 'ceux', 'qui', 'mme', 'désavantages', 'pas de vagues', 'plage peu longue pour marcher', ', présence', 'mini', 'on', 'aucune infrastructure', 'toilette', ""J'"", 'Tecolote']","[{'text': 'Tecolote', 'label': 'LOC'}]",0.010309278350515464
47598,1.0,"Cest un endroit bien aménagé pour profiter de la plage. Mon regret vous que ce lieu est interdit aux Chien, mme propres, tenus en laisseet bien éduqué. Donc 1.","['PRON', 'AUX', 'DET', 'NOUN', 'ADV', 'VERB', 'ADP', 'VERB', 'ADP', 'DET', 'NOUN', 'PUNCT', 'DET', 'NOUN', 'PRON', 'SCONJ', 'DET', 'NOUN', 'AUX', 'VERB', 'ADP', 'NOUN', 'PUNCT', 'NOUN', 'ADJ', 'PUNCT', 'VERB', 'ADP', 'VERB', 'ADV', 'ADJ', 'PUNCT', 'ADV', 'NUM', 'PUNCT']","[""C'"", 'la plage', 'Mon regret', 'ce lieu', 'Chien', ', mme propres']","[{'text': 'Chien', 'label': 'LOC'}]",0.02857142857142857
47716,5.0,"Trs sympa, si vous arrivez tt, vous pourrez choisir un palapa gratuitement. Peu profonds et eau claire. Il y a aussi douche extérieure et un service de nourriture ou boisson sur la plage","['PROPN', 'ADJ', 'PUNCT', 'SCONJ', 'PRON', 'VERB', 'ADV', 'PUNCT', 'PRON', 'VERB', 'VERB', 'DET', 'NOUN', 'ADV', 'PUNCT', 'ADV', 'NOUN', 'CCONJ', 'NOUN', 'ADJ', 'PUNCT', 'PRON', 'PRON', 'VERB', 'ADV', 'NOUN', 'ADJ', 'CCONJ', 'DET', 'NOUN', 'ADP', 'NOUN', 'CCONJ', 'NOUN', 'ADP', 'DET', 'NOUN']","['vous', 'vous', 'un palapa', 'Peu profonds', 'eau', 'douche extérieure', 'un service', 'nourriture', 'boisson', 'la plage']","[{'text': 'Trs', 'label': 'MISC'}]",0.02702702702702703
47783,5.0,"Trs belle plage familiale, plage calme en sortie de La Paz. Tout ce qui faut  parking,douche,toilette,palapas,bar","['ADV', 'ADJ', 'ADV', 'ADJ', 'PUNCT', 'NOUN', 'ADJ', 'ADP', 'NOUN', 'ADP', 'DET', 'NOUN', 'PUNCT', 'ADJ', 'PRON', 'PRON', 'VERB', 'PUNCT', 'NOUN', 'PUNCT', 'NOUN', 'PUNCT', 'NOUN', 'PUNCT', 'ADJ', 'PUNCT', 'VERB']","['Trs belle plage familiale, plage calme', 'sortie', 'La Paz', 'qui', 'douche', ',toilette']","[{'text': 'La Paz', 'label': 'LOC'}]",0.037037037037037035
48027,4.0,Proche du centre mais beaucoup de monde. Trs tassé car plage petite.,"['ADJ', 'ADP', 'NOUN', 'CCONJ', 'ADV', 'ADP', 'NOUN', 'PUNCT', 'ADV', 'VERB', 'CCONJ', 'ADV', 'ADJ', 'PUNCT']","['centre', 'monde']","[{'text': 'Trs', 'label': 'MISC'}]",0.07142857142857142
48399,5.0,Buen sitio tranquilo,"['PROPN', 'NOUN', 'NOUN']",['Buen sitio tranquilo'],"[{'text': 'Buen', 'label': 'LOC'}]",0.3333333333333333
48416,5.0,Me la pasé super bien.,"['NOUN', 'DET', 'VERB', 'VERB', 'ADV', 'PUNCT']",['Me'],[],0.0
48474,5.0,tres belle plage que nous avons decouverte lors dune excursion en bateau,"['NOUN', 'ADJ', 'NOUN', 'PRON', 'PRON', 'AUX', 'VERB', 'ADV', 'ADJ', 'NOUN', 'ADP', 'NOUN']","['tres belle plage', 'que', 'nous', 'excursion', 'bateau']",[],0.0
48535,5.0,cest paradisiac sans compter quon voit des tortues partout,"['PROPN', 'ADJ', 'ADP', 'AUX', 'VERB', 'VERB', 'DET', 'NOUN', 'ADV']","['cest', 'des tortues']",[],0.0
48547,5.0,es un paraiso con playas virgenes,"['ADP', 'DET', 'NOUN', 'NOUN', 'NOUN', 'ADJ']",['un paraiso'],[],0.0
48548,5.0,magnifique a faire sans hesiter,"['ADJ', 'AUX', 'VERB', 'ADP', 'VERB']",[],"[{'text': 'magnifique', 'label': 'LOC'}]",0.2
48587,5.0,un paraiso,"['DET', 'NOUN']",['un paraiso'],[],0.0
48621,5.0,plongee avec le club phocea sur cet ilets ou on a pu jouer avec des otaries excellente experience a faire,"['ADJ', 'ADP', 'DET', 'NOUN', 'ADJ', 'ADP', 'DET', 'NOUN', 'CCONJ', 'PRON', 'AUX', 'VERB', 'VERB', 'ADP', 'DET', 'NOUN', 'ADJ', 'NOUN', 'AUX', 'VERB']","['le club phocea', 'cet ilets', 'on', 'des otaries', 'excellente experience']",[],0.0
48702,5.0,"musée bien conu, 4 salles qui occupent chacune 1 étage. une approche complte de la préhistoire puis de lhistoire tumultueuse de la péninsule, depuis les 1ers peuplements jusqu lépoque moderne et ses révolutions. panneaux explicatifs en espagnol, avec qr codes pour langlais. lentrée cote 145 pesos pour les étrangers, cest raisonnable. on peut prendre des photos sans flash. toilettes au rdc","['VERB', 'ADV', 'NOUN', 'PUNCT', 'NUM', 'ADJ', 'PRON', 'VERB', 'PRON', 'NUM', 'NOUN', 'PUNCT', 'DET', 'NOUN', 'ADJ', 'ADP', 'DET', 'NOUN', 'CCONJ', 'ADP', 'DET', 'NOUN', 'ADJ', 'ADP', 'DET', 'NOUN', 'PUNCT', 'ADP', 'DET', 'NUM', 'NOUN', 'PROPN', 'PUNCT', 'DET', 'NOUN', 'ADJ', 'CCONJ', 'DET', 'NOUN', 'PUNCT', 'NOUN', 'ADJ', 'ADP', 'NOUN', 'PUNCT', 'ADP', 'DET', 'PRON', 'ADP', 'DET', 'NOUN', 'PUNCT', 'DET', 'NOUN', 'ADJ', 'NUM', 'NOUN', 'ADP', 'DET', 'NOUN', 'PUNCT', 'PRON', 'AUX', 'ADJ', 'PUNCT', 'PRON', 'VERB', 'VERB', 'DET', 'NOUN', 'ADP', 'NOUN', 'PUNCT', 'NOUN', 'ADP', 'ADJ']","['bien conu', 'qui', '1 étage', 'une approche complte', 'la préhistoire', ""de l'histoire"", 'la péninsule', ""l'époque moderne"", 'ses révolutions', 'panneaux explicatifs', 'espagnol', 'qr codes', ""l'anglais"", ""l'entrée cote 145 pesos"", 'les étrangers', 'on', 'des photos', 'flash', 'toilettes']","[{'text': 'rdc', 'label': 'ORG'}]",0.013157894736842105
48777,5.0,tienes que ir,"['ADJ', 'SCONJ', 'PRON']",['ir'],[],0.0
48853,5.0,"trs instructif, traduction des panneaux en anglais avec un qr code. toutes les pices sont originales sauf si indiqué.","['ADV', 'ADJ', 'PUNCT', 'NOUN', 'ADP', 'NOUN', 'ADP', 'ADJ', 'ADP', 'DET', 'ADJ', 'NOUN', 'PUNCT', 'ADJ', 'DET', 'NOUN', 'AUX', 'ADJ', 'ADP', 'SCONJ', 'VERB', 'PUNCT']","['traduction', 'panneaux', 'un qr code', 'toutes les pices']",[],0.0
49023,4.0,"beau musée, simple mais intéressant","['NOUN', 'VERB', 'PUNCT', 'ADJ', 'CCONJ', 'ADJ']",['beau musée'],[],0.0
49126,5.0,excellent museum,"['ADJ', 'ADJ']",[],[],0.0
49135,3.0,dommage que cela soit en espagnol uniquement. langlais maurait aidé mieux comprendre,"['NOUN', 'SCONJ', 'PRON', 'AUX', 'ADP', 'VERB', 'ADV', 'PUNCT', 'DET', 'NOUN', 'PRON', 'AUX', 'VERB', 'ADV', 'VERB']","['dommage', 'cela', ""m'""]",[],0.0
49220,5.0,petit musée trs intéressant sur lhistoire de baja california sur,"['ADJ', 'NOUN', 'ADV', 'ADJ', 'ADP', 'DET', 'NOUN', 'ADP', 'NOUN', 'ADJ', 'ADP']","['petit musée', ""l'histoire"", 'baja california']",[],0.0
49384,4.0,"trs intéressant, permet dapprendre beaucoup de choses sur lhistoire de la bassecalifornie. les populations, lévolution, la faune et la flore, les coutumes..... trs enrichissant, un musée visiter","['ADV', 'ADJ', 'PUNCT', 'VERB', 'ADP', 'VERB', 'ADV', 'ADP', 'NOUN', 'ADP', 'DET', 'NOUN', 'ADP', 'DET', 'NOUN', 'PUNCT', 'DET', 'NOUN', 'PUNCT', 'DET', 'NOUN', 'PUNCT', 'DET', 'NOUN', 'CCONJ', 'DET', 'NOUN', 'PUNCT', 'DET', 'NOUN', 'PUNCT', 'NOUN', 'NOUN', 'PUNCT', 'DET', 'NOUN', 'VERB']","['choses', ""l'histoire"", 'la basse-californie', 'les populations', "", l'évolution"", ', la faune', 'la flore', ', les coutumes', 'trs', 'enrichissant', ', un musée']",[],0.0
49441,4.0,obligation de connaitre lespagnol,"['NOUN', 'ADP', 'NOUN', 'DET', 'NOUN']","['obligation', 'connaitre', ""l'espagnol""]",[],0.0
50943,5.0,Vraiment une belle plage,"['ADV', 'DET', 'ADJ', 'ADV']",[],[],0.0
