indice,comentario_clean,lang,location
579,corazon zona romantica playa ofrece diversidad familias extremo comunidad extremo,fr,puerto_vallarta
784,playa local chiringuitos del lado mucha gente viendo musica,fr,puerto_vallarta
1904,tons food options vendors unique unique great place hang love place,fr,puerto_vallarta
2476,tons food options vendors unique unique great place hang love place,fr,puerto_vallarta
3258,point group could choir true,fr,puerto_vallarta
5385,richie amazing super fun made sure got line enjoyed come visit beautiful tour energy,fr,puerto_vallarta
5827,excellent experience guides zip lines best friendly transport driver turned,fr,puerto_vallarta
5853,excellent service attitude guides beautiful place make feel confident recommended,fr,puerto_vallarta
5862,experienced guides excellent treatment sure rich food excellent service recommended,fr,puerto_vallarta
5873,unforgettable experience service hope return soon richie drake pollo temo excellent guides,fr,puerto_vallarta
5883,excellent experience guides never experience unique best birthday,fr,puerto_vallarta
5916,excellent experience richie super patient friendly fun guides us way made fun,fr,puerto_vallarta
5968,richie amazing super fun made sure got line enjoyed come visit beautiful tour energy,fr,puerto_vallarta
6163,excellent experience guides zip lines best friendly transport driver turned,fr,puerto_vallarta
6189,excellent service attitude guides beautiful place make feel confident recommended,fr,puerto_vallarta
6198,experienced guides excellent treatment sure rich food excellent service recommended,fr,puerto_vallarta
6209,unforgettable experience service hope return soon richie drake pollo temo excellent guides,fr,puerto_vallarta
6219,excellent experience guides never experience unique best birthday,fr,puerto_vallarta
6247,excellent experience richie super patient friendly fun guides us way made fun,fr,puerto_vallarta
6528,ir norte autobus limpiador agua playa comida deportes acuaticos genial,fr,puerto_vallarta
6671,mas ver bahia entera viejo nuevo norte espectacular,fr,puerto_vallarta
7001,ir norte autobus limpiador agua playa comida deportes acuaticos genial,fr,puerto_vallarta
7144,mas ver bahia entera viejo nuevo norte espectacular,fr,puerto_vallarta
8143,time visit tequila entertaining taste experience,fr,puerto_vallarta
8281,tons food options vendors unique unique great place hang love place,fr,puerto_vallarta
9675,place able see,fr,huatulco
12379,place beautiful place,fr,la_paz
12979,beautiful place chance dolphins even sailing,fr,la_paz
13098,amigable curioso leones baja visibilidad agradable temperatura suficiente vida mirar submarino amor punta,fr,la_paz
13822,beautiful place chance dolphins even sailing,fr,la_paz
13941,amigable curioso leones baja visibilidad agradable temperatura suficiente vida mirar submarino amor punta,fr,la_paz
15652,lots restaurants bars various tourist souvenir shops tour,fr,la_paz
15958,big malecon excellent beautiful lots art beautiful views restaurants bars souvenir stores available wife love city said quite enough options fun,fr,la_paz
16188,quiet place nice place great view,fr,la_paz
16217,nice quiet beach perfect lunch enjoy sun sun quiet,fr,la_paz
16302,must visit beautiful inside go center,fr,la_paz
18587,sell expensive place dirty,fr,riviera_nayarit
18902,lion dolphins encounter lot give one one experience dolphins chance lifetime,fr,riviera_nayarit
18989,unique experience get dolphin ride pet dolphins even bit get put snorkeling pool feet dolphin lot fun group total people even buy pictures get pictures packages,fr,riviera_nayarit
19541,excellent experience time patient spent time dolphins lions,fr,riviera_nayarit
19601,fun trip pictures dolphins expensive make sure bring,fr,riviera_nayarit
19723,excellent park lot fun experience dolphins unforgettable,fr,riviera_nayarit
20757,fun area lots restaurants bars night life spots souvenir stores plenty boutiques avoid tourist trap restaurants,fr,riviera_maya
21829,unique amazing experience favorite part adventure cenotes tour guide amazing guide helpful travel visit place definitely recommend guide name sure,fr,riviera_maya
22166,impressive experience dive miss hand dive experience,fr,riviera_maya
22445,bit much get sure else see explore unique natural,fr,riviera_maya
22454,line cave dive unique environment incredible crystal clear water formations caves cool dives multiple entrances,fr,riviera_maya
23584,far one best experiences guided passionate guide chance explore beautiful cave cavern cenotes lifetime experience absolute must list coming,fr,riviera_maya
24302,excellent experience attention hope return soon,fr,riviera_maya
24606,excellent facilities excellent service jlo recommend come,fr,riviera_maya
32616,resolucion mexico objectif accompagner participants debuter annee connexion harmonie essence environnement retraite met accent mise pratique saines habitudes vie developpement techniques aideront participants decouvrir convivialite joie vivre vie jours respectant nature profonde reservations questions hesitez contacter informations reservations christine malek christine malek rodolfo garcia courriel resolucionmexico com yoga danse mexico oaxaca yogaretreat findyourself spirituality pacificcoast sanagustinhuatulco resolucionmexico oaxacatravel bepresent,fr,huatulco
32617,resolucion mexico objectif accompagner participants debuter annee connexion harmonie essence environnement retraite met accent mise pratique saines habitudes vie developpement techniques aideront participants decouvrir convivialite joie vivre vie jours respectant nature profonde reservations questions hesitez contacter informations reservations christine malek rodolfo garcia courriel resolucionmexico com yoga danse mexico oaxaca yogaretreat findyourself spirituality pacificcoast sanagustinhuatulco resolucionmexico oaxacatravel bepresent,fr,huatulco
32990,poster event beach blue sky detaille bfmtv studio cachette made eclairage volumetrique,fr,huatulco
33824,group people sitting table outside restaurant terrasse restaurant busy restaurant restaurant exterior photography restaurant sao paulo fancy restaurant restaurant sublime comforting ambience restaurant sao paulo restaurant background expensive restaurant comfortable atmosphere sbt coffee shop sublime comforting ambience restaurant,fr,huatulco
34330,poster event beach yoga detaille catalogue raisonne canva iso google parti resolution reneissance epaule pose,fr,huatulco
34837,sexy mode sexycouple sexyboot lapazmx,fr,la_paz
35199,gratitude infinie sparkles voyage mexique parents cur sens bien simplement aimee accueillie epanouie moments partie grands bonheurs vie white heart voyagevoyage voyagefamille family voyagemexique lacruzdehuanacaxtle rivieranayarit nayaritmexico,fr,riviera_nayarit
35374,atardeceres nuevo nayarit simplemente sunsets nuevo nayarit simply wonderful couchers soleil nuevo nayarit simplement magnifiques rivieranayarit mexico vallarta nuevonayarit sunset,fr,riviera_nayarit
35997,sparkles woman in lotus position journee massage woman in lotus position sparkles aujourd chance faire gater centre massotherapie yoga san pancho recu massage profondement relaxant corps intensement spirituel woman in lotus position soin unique combinant massage tactile parfums enveloppants citronnelle lemon eau rose rose purification traditionnelle realisee aide sauge mexicaine salvia mexicana seedling plante locale reconnue proprietes energetiques massage ete apaisant ressourcant incroyablement regenerant corps autant esprit immense gabriela equipe centre san pancho folded hands recommandons endroit souhaitent vivre moment detente profonde san pancho elestar sanpanchoanimales sanpanchonayarit desert island sun with face heart sanpancho spamobileduquebec,fr,riviera_nayarit
36423,plage boca paila reserve sian plage vierge situee bord delta boca paila trouve mer lagunes cotieres plage incroyable change temps transforme fil saisons penser constant changement transformation moments vie submerge devons confiance boca paila devenir sublimes collaboration excursions siankaan bocapaila tulum tourism lancha water eau agua beach playa plage mexico sun tour tourguide reserva biosphere yucatan boat bateau river,fr,riviera_maya
36628,droit sentir bien prix respirer air chaud ecouter vagues prendre temps amuser vie permettre petit echappatoire vie adulte palm tree playadelcarmenmexico repos selflove,fr,riviera_maya
36678,matin chant oiseaux accompagne reveil terrasse explorer ville entree hotel mignonne beaux cactus divan decouverte grande statue parque fundadores pdc symbolise renaissance unite homme femme connection terre mer ciel playadelcarmenmexico vautourdumonde,fr,riviera_maya
36684,ceremonies freres surs chamans portails sacres espaces temps mondes rencontrent images recues instants captures hommes femmes presents ceremonies empreintes vibratoires garde gravees cur tambours resonnent coquillages appellent directions souffle ancien didgeridoos traverse air cellules reveillent sang souvient ame voyage marche vies interieures traverse memoires messages viennent portes esprits ancetres terre vision affine clairvoyance ouvre davantage feu apprend mieux bruler surprend ame reconnait chemin heures puissantes aube nuit murmure monde retient souffle marche obscurite naissante sensation profonde ocean reconnait accueille separee nature nature souvient terre mere instants ressens racines eternelle gratitude faire partie communaute spirituelle playa yoga ceremonies levers soleil conscience respiration rythment matins nourrissent ame playa cote plage trouve deploient aube rituels sacres terre ciel ouvre prieres prennent forme souffle ame venue naturellement vivre cote plage essence savait inscrit bien vie gracias gracias gracias aho folded hands medium skin tone purple heart sun with face water wave nazar amulet hamsa wing sparkles yin yang glowing star woman in lotus position light skin tone lotus om ceremonie playadelcarmenmexico shamanic maya curacion,fr,riviera_maya
36808,desert island villa luxe discret cur caribbean mexicain nichee prestigieuse communaute securisee puerto aventuras villa exception offre art vivre rare golf marina plages turquoise chambres espaces lumineux exterieur piscine privee entouree vegetation tropicale villa victoria incarne equilibre parfait elegance confort serenite design vie fluide interieur exterieur suite parentale terrasse privee jacuzzi vue imprenable golf residence ideale check mark residence principale check mark maison vacances haut gamme check mark investissement patrimonial securise situee communautes sures recherchees riviera maya beneficie acces prive marina plages sable blanc minutes infrastructures sportives familiales environnement calme verdoyant sparkles propriete pensee vivre pleinement recevoir ressourcer investir intelligence round pushpin puerto aventuras riviera maya locked with key communaute fermee golf marina palm tree piscine privee jardin tropical sun panneaux solaires vue golf lavikingainmobiliaria puertoaventuras immobilierdeluxemexique rivieramayaluxury investiraumexique,fr,riviera_maya
37068,punta allen trouve cur reserve sian lieux sauvages mexique mangroves dauphins tortues eaux incroyablement claires butterfly palm tree puntaallen mexique excursionfrancophone pixanriviera siankaan,fr,riviera_maya
37109,punta allen mexique desert island petit coin paradis journee riche decouverte puntaallen mexique mexico vacaciones memories lovetrip,fr,riviera_maya
41075,bonito lugar bonita iglesia bonita toda ciudad bonito baja california,fr,la_paz
41133,cathedrale situee centre paz jolie admirez clocher toiture tuiles bois week end ceremonies mariage nombre,fr,la_paz
41190,ete extremement decus hotel photos avis convaincus effectivement cest cathedrale patio interieur central colonne dascenseur distribue etages couloirs circulations carre hauteur 4 5 etages lon fetards rentrent ivres bruyants monde profite petit dejeuner faut demander toast beurre compter reception completement dilettante chambres aucun charmes deposit faire voulez consommer bord piscinette confiance signer payer fin sejour fuir,fr,la_paz
41215,eglise sobre style mexicain place sympathique promenade 10 minutes malecon voir,fr,la_paz
41285,situee face parc sympathique aurez chance rencontrer club femmes travaillent plein air productions artisanales chaussons chales napperons leglise simple limage ville halte propice recueilliret femme fort bien aborder donner simplicite image pieuse,fr,la_paz
41305,cathedrale lesprit jesuite 17eme sobre attachante vraiment decouvrir racines ville,fr,la_paz
41330,inoubliable bien style mexicain petite sortie sympathique cest facile trouver long,fr,la_paz
41380,pretention cathedrale lavantage donner jardin ombrage lecart circulation trepidante paz propice recueillement,fr,la_paz
41514,trs agreable promener soir faire photos coucher soleil,fr,la_paz
41526,sympa balader aller courir,fr,la_paz
41663,facile voyager chre,fr,la_paz
41673,beau trottoir orne palmiers statues belle vue mer plage beaucoup be kiosques dartisanat,fr,la_paz
41682,site trs ensoleille magnifique trs agreable soiree tt matin,fr,la_paz
41759,arriba paz baja california palomilla,fr,la_paz
43113,vraiment trs agreable sy promener adore marcher admirer sunset faut bien avouer plage loin dtre belle alentours agreable baignade,fr,la_paz
43137,jolie plage beau front mer bars restos vaut balade pietonnier piste cyclable cte,fr,la_paz
44434,no gusto remodelacion quitaron mucha calle,fr,la_paz
44543,endroit trs agreable couleurs splendides fin journee parfait ballade bord mer,fr,la_paz
44576,malecon pays bien soir embouteille 18h facile garer rues autour terrasses rez chaussee etage long bien manger boire,fr,la_paz
45538,cur touristique paz setend long plage trouver nombres restaurants bars mme stands street food rues adjacentes mer offre pleins boutiques vtements partie immanquable ville,fr,la_paz
45750,adore plage   etions 11 reserve ligne   laccs facile parking pratique plage magnifique point sommes retournes fois observer raies crabes superbes poissons genial,fr,la_paz
45792,plage instagram compagnie arrive 7h matin 4 voitures file noubliez dachetez bracelets site gouvernement 125mxpersonne belle plage rien dextraordinaire sable fin froid plein branches petit cailloux attention meduses,fr,la_paz
46123,compltement sublime endroit voir fois vie sommes arrive midi lachalandage parfait commencer petit hiking droit majestueux points vue hauteur absolument regrette choix termines petite baignade eau cristalline incroyable ps aucun restaurant place,fr,la_paz
46224,magnifique,fr,la_paz
46247,cetait simplement magnifique,fr,la_paz
46297,belle plage bcs petit detail entrer jour termine midi deuxime 13h,fr,la_paz
46305,lendroit magnifique concept vraiment trs mauvais mal 1h30 file dattente acceder parc restait 1 voiture mentionne parc capacite maximale revenir lendemain cest vraiment trs choquant enfants ges voiture essaye dy retourner lendemain discute attendre 2 heures file 2 shift shift 9h00 12h00 deuxime shif 13h00 17h0 mercij,fr,la_paz
46358,paraiso,fr,la_paz
46379,bel endroit protege visiteurs limites eau chaude profonde,fr,la_paz
46423,magnifique,fr,la_paz
46593,super eau cristalline profonds horaire entrees 8h 12h louent parasol chaises location parasol 200 pesos parasol 2 chaises 350 pesos beaucoup vent midi difficulte garder parasol espaces d ombres gros rochers prendre photo champignon loin marcher l eau plage vaut detour aucun frais d entree n nourriture place n salle bain,fr,la_paz
46976,hermosa playa no existe fotografia haga honor,fr,la_paz
47006,super limiter nombre defini nombre visiteur jour revanche faudrait lentree mieux organisee reservation ligne trajet queue clairement defini cest lenfer,fr,la_paz
47154,belle plage monde sommes arrives 9h repartis 12h,fr,la_paz
47284,excelentes paisajes,fr,la_paz
47314,vrai plage belle depend aimez celleci offre plan deau marcher loin mer ideal enfants naiment savent nager mme desavantages   vagues plage longue marcher presence mini raies piqres potentielles avertis arrivant aucune infrastructure toilette jai prefere tecolote,fr,la_paz
47598,cest endroit bien amenage profiter plage regret lieu interdit chien mme propres tenus laisseet bien eduque 1,fr,la_paz
47716,trs sympa arrivez tt pourrez choisir palapa gratuitement profonds eau claire douche exterieure service nourriture boisson plage,fr,la_paz
47783,trs belle plage familiale plage calme sortie paz faut   parking douche toilette palapas bar,fr,la_paz
48535,cest paradisiac compter quon voit tortues partout,fr,la_paz
48587,paraiso,fr,la_paz
48621,plongee club phocea ilets jouer otaries excellente experience faire,fr,la_paz
48702,musee bien conu 4 salles occupent 1 etage approche complte prehistoire lhistoire tumultueuse peninsule 1ers peuplements lepoque moderne revolutions panneaux explicatifs espagnol qr codes langlais lentree cote 145 pesos etrangers cest raisonnable prendre photos flash toilettes rdc,fr,la_paz
48777,tienes ir,fr,la_paz
48853,trs instructif traduction panneaux anglais qr code pices originales indique,fr,la_paz
49023,beau musee simple interessant,fr,la_paz
49126,excellent museum,fr,la_paz
49220,petit musee trs interessant lhistoire baja california,fr,la_paz
49384,trs interessant dapprendre beaucoup choses lhistoire bassecalifornie populations levolution faune flore coutumes trs enrichissant musee visiter,fr,la_paz
50943,vraiment belle plage,fr,riviera_nayarit
53787,vista lugar s p c t c u l r vale pena temazcal tirolesa puedes dejar hacer visita temazcal ponen mezcla aromas impregnan forma deliciosa disfruta muchisimo tirolesa vista increible azul tan intenso mar caribe zona precisamente junto punta,fr,riviera_maya
